notifica;cidade;nome;idade;sexo;viajem;obito;coleta;resultadocovid;atualizado
25/05/2020;angulo;pedro gonçalves;57;M;CONTATO;NAO;22/05/2020;confirmado;22/06/2020
18/05/2020;angulo;sandra ribeiro de novaes;33;F;CONTATO;NAO;18/05/2020;confirmado;so2eE_BNP7k
11/06/2020;astorga;edson fogari;55;M;VIAGEM;NAO;11/06/2020;confirmado;
19/06/2020;astorga;rosely vieira fernandes pereira;47;F;CONTATO;NAO;19/06/2020;confirmado;
11/06/2020;atalaia;mariana jussani nalin siroti;34;F;NAO;NAO;13/06/2020;confirmado;
03/06/2020;colorado;audinei faustino de farias;38;M;NAO;NAO;03/06/2020;reagente;
05/06/2020;colorado;bruna pizolito giglioti;34;fem;sim UTI Hosp Sta Clara;NAO;06/06/2020;confirmado;
02/06/2020;colorado;camilo grande reis;37;masc;sim Cascavel;NAO;05/06/2020;confirmado;
17/06/2020;colorado;cassia ribeiro de mello reis;30;F;NAO;NAO;12/06/2020;reagente;
29/05/2020;colorado;cicero da silva;55;masc;sim Limeira SP;NAO;29/05/2020;confirmado;
06/05/2020;colorado;cristini da silva barros;25;fem;18;NAO;06/05/2020;confirmado;
12/06/2020;colorado;"diego junior forza
r. decio lazarin, 467 bela vista 3
998280347

prof assintomatico";30;masc;"sim Bruna Pizolito 
confirmado";NAO;11/06/2020;confirmado;
13/06/2020;colorado;"eliane alves da cunha
dn 19/11/72- 48
r. cerro azul, 394
33232202
315920785550- 13/06
";48;fem;"sim Talita Oliveira
 da SIlva";NAO;13/06/2020;confirmado;
10/06/2020;colorado;"evanice papaiane
r. ezio longhini, 461 itapua
dn 12/2/78- 42a
198793";42;fem;NAO;NAO;17/06/2020;confirmado;
10/06/2020;colorado;"genilva candido baptista
r. evilasio canato, 287 jd esper
dn 08/6/76
";44;fem;NAO;NAO;11/06/2020;confirmado;
10/06/2020;colorado;herasto pereira do nascimento;43;M;SIM;NAO;12/06/2020;coronavi­rus (sars-cov2);
16/05/2020;colorado;ignacio leandrini;77;masc;20;NAO;16/05/2020;confirmado;
04/05/2020;colorado;jose carlos de barros;59;M;NAO;NAO;04/05/2020;coronavi­rus (sars-cov2);
12/06/2020;colorado;jose natalicio de mello;82;M;NAO;NAO;12/06/2020;reagente;
29/05/2020;colorado;lucas oliveira da silva;15;masc;NAO;NAO;01/06/2020;confirmado;
12/06/2020;colorado;lucimar paulino de almeida;52;fem;servico Camilo;NAO;12/06/2020;confirmado;
15/06/2020;colorado;luiz de melo andrade;42;M;SIM;NAO;15/06/2020;reagente;
29/05/2020;colorado;maria aparecida de oliveira;56;fem;NAO;NAO;29/05/2020;confirmado;
18/05/2020;colorado;odair mendes soares;49;M;SIM;NAO;11/05/2020;coronavi­rus (sars-cov2);
19/06/2020;colorado;pedro costa de jesus;51;M;NAO;NAO;19/06/2020;reagente;
02/06/2020;colorado;rita francisca da silva de oliveira;48;fem;NAO;NAO;29/05/2020;confirmado;
10/06/2020;colorado;sandra maria ribeiro;44;F;NAO;NAO;17/06/2020;reagente;
10/06/2020;colorado;"valdemir marinho de carvalho
r. sta barbara, 81
dn 27/10/61-58a

t dor peito
19101";58;masc;NAO;NAO;12/06/2020;confirmado;
06/05/2020;colorado;vera lucia da silva barros;62;fem;18;NAO;05/06/2020;confirmado;
12/06/2020;doutorcamargo;adnaldo marcos dos santos;49;MASCULINO;SIM;NAO;15/06/2020;confirmado;
18/05/2020;doutorcamargo;adriana roberto mori;38;FEMININO;SIM;NAO;18/06/2020;confirmado;
15/06/2020;doutorcamargo;adrieli cristina roberto mori;18;FEMININO;SIM;NAO;15/06/2020;confirmado;
16/06/2020;doutorcamargo;ana beatriz mori huss;19;FEMININO;SIM;NAO;16/06/2020;confirmado;
20/06/2020;doutorcamargo;ana paula leles gonçalves;29;FEMININO;SIM;NAO;19/06/2020;confirmado;
14/06/2020;doutorcamargo;cesar alves da rocha;38;MASCULINO;SIM;NAO;12/06/2020;confirmado;
26/05/2020;doutorcamargo;cleuza aparecida roque;47;FEMININO;SIM;NAO;25/05/2020;confirmado;
15/06/2020;doutorcamargo;daniela serrano;40;FEMININO;SIM;NAO;16/06/2020;confirmado;
16/06/2020;doutorcamargo;deimes chrystian souto de souza;35;MASCULINO;SIM;NAO;15/06/2020;confirmado;
21/05/2020;doutorcamargo;edson jose ferreira soares;42;MASCULINO;SIM;NAO;22/05/2020;confirmado;
16/06/2020;doutorcamargo;elizandra telles de souza pereira;42;FEMININO;SIM;NAO;19/06/2020;confirmado;
15/06/2020;doutorcamargo;esmeralda febracio fascina;80;FEMININO;SIM;NAO;09/06/2020;confirmado;
10/06/2020;doutorcamargo;gabriel vicente storti;22;MASCULINO;SIM;NAO;09/06/2020;confirmado;
17/06/2020;doutorcamargo;isadora mandu cardoso;17;FEMININO;SIM;NAO;21/06/2020;confirmado;
09/06/2020;doutorcamargo;ivanete rigon fascina;49;FEMININO;SIM;NAO;07/06/2020;confirmado;
09/06/2020;doutorcamargo;joao vitor vanso bortot;31;MASCULINO;SIM;NAO;09/06/2020;confirmado;
05/06/2020;doutorcamargo;jozilei caubianco;46;MASCULINO;NAO;NAO;08/06/2020;confirmado;
11/06/2020;doutorcamargo;leandro aparecido carrara;42;MASCULINO;SIM;NAO;10/06/2020;confirmado;
07/06/2020;doutorcamargo;lucas rigon caubianco;19;MASCULINO;SIM;NAO;07/06/2020;confirmado;
19/06/2020;doutorcamargo;luiz totti de souza;66;MASCULINO;SIM;NAO;19/06/2020;confirmado;
15/06/2020;doutorcamargo;marcia antunes rocha;38;FEMININO;SIM;NAO;15/06/2020;confirmado;
12/06/2020;doutorcamargo;maria eduarda crestani buzeti;18;FEMININO;SIM;NAO;12/06/2020;confirmado;
16/06/2020;doutorcamargo;marta aparecisa mori huss;47;FEMININO;SIM;NAO;16/06/2020;confirmado;
19/06/2020;doutorcamargo;priscila pachemshi souza;31;FEMININO;SIM;NAO;19/06/2020;confirmado;
17/05/2020;doutorcamargo;rafaela cavalini de azevedo;24;FEMININO;SIM;NAO;17/05/2020;confirmado;
13/06/2020;doutorcamargo;reginaldo calixto da silva;42;MASCULINO;SIM;NAO;16/06/2020;confirmado;
08/06/2020;doutorcamargo;reny gomes ferreira;61;MASCULINO;NAO;NAO;08/06/2020;confirmado;
12/06/2020;doutorcamargo;rosangela aparecida crestani;49;FEMININO;SIM;NAO;14/06/2020;confirmado;
10/06/2020;doutorcamargo;sara aparecida santiago dallago;27;F;NAO;NAO;04/06/2020;coronavi­rus (sars-cov2);
12/06/2020;doutorcamargo;sebastiao bertozi mori;71;MASCULINO;NAO;NAO;10/06/2020;confirmado;
19/06/2020;doutorcamargo;tereza pastre mori;66;FEMININO;SIM;NAO;19/06/2020;confirmado;
16/06/2020;doutorcamargo;valdete souto de souza;64;FEMININO;SIM;NAO;16/06/2020;confirmado;
22/06/2020;florai;josé cervantes casorla;87;MASCULINO;SIM;NAO;22/06/2020;confirmado;
06/08/2020;florai;vital manfre gomes junior;40;MASCULINO;NAO;NAO;11/06/2020;confirmado;
28/04/2020;floresta;ana maria de oliveira giro;18;F;NAO;NAO;30/04/2020;confirmado;
24/04/2020;floresta;claudirlei jose fuentes martini;47;M;CONTATO;NAO;27/04/2020;confirmado;
16/04/2020;floresta;denzo komagome;78;M;NAO;NAO;16/04/2020;confirmado;
16/06/2020;floresta;flavia bordon dos santos;43;F;NAO;NAO;16/06/2020;coronavi­rus (sars-cov2);
24/04/2020;floresta;laide de oliveira;49;F;CONTATO;NAO;27/04/2020;confirmado;
18/06/2020;floresta;lucilei aparecida mazotte ono;49;F;NAO;NAO;17/06/2020;reagente;
23/04/2020;floresta;maria satiko komagome;71;F;NAO;NAO;23/04/2020;confirmado;
16/04/2020;floresta;mercia maria cavalcante de sou;44;F;NAO;NAO;16/04/2020;coronavi­rus (sars-cov2);
17/06/2020;floresta;reinaldo joaquim dos santos;47;M;NAO;NAO;16/06/2020;coronavi­rus (sars-cov2);
22/05/2020;iguaracu;alexon jose maldonado barbiro;44;MASCULINO;NAO;NAO;22/05/2020;confirmado;
09/06/2020;iguaracu;hugo ricardo marquini;37;MASCULINO;NAO;NAO;10/06/2020;confirmado;
04/06/2020;itaguaje;ana emilia araujo serafim;22;F;SIM;NAO;03/06/2020;confirmado;
06/12/2020;itaguaje;ana maria de araujo;10;F;CONTATO;NAO;12/06/2020;confirmado;
06/08/2020;itaguaje;edilaine gisele brites;37;F;CCONTATO;NAO;08/06/2020;confirmado;
06/12/2020;itaguaje;franciele priscila dos reis;38;F;CONTATO;NAO;12/06/2020;confirmado;
0202-06-16;itaguaje;igor vinicius sciorra dos santos;30;M;CONTAO;NAO;16/06/2020;confirmado;
08/06/8202;itaguaje;joao alves pereira filho;50;F;NAO;NAO;08/06/2020;confirmado;
06/12/2020;itaguaje;jose lopes;67;M;VIAGEM;NAO;12/06/2020;confirmado;
16/06/2020;itaguaje;lourival piffer antunes;57;M;NAO;NAO;20/06/2020;reagente;
06/08/2020;itaguaje;lucas araujo fgernandes;27;M;CONTATO;NAO;08/06/2020;confirmado;
06/04/2020;itaguaje;maria de jesus araujo;77;F;NAO;NAO;06/06/2020;confirmado;
16/06/2020;itaguaje;marlene soares antunes;49;F;CONTAO;NAO;16/06/2020;confirmado;
06/08/2020;itaguaje;nadir araujo dos santos;43;F;CONTATO;NAO;08/06/2020;confirmado;
09/06/2020;itaguaje;nathaly iraci brites de oliveira;11;F;SIM;NAO;09/06/2020;coronavi­rus (sars-cov2);
06/12/2020;itaguaje;paulo junior da silva souza;26;M;CONTATO;NAO;12/06/2020;confirmado;
19/06/2020;itaguaje;sonia estevam barbosa espinosa;57;F;CONTATO;NAO;19/06/2020;confirmado;
19/05/2020;itambe;bruna eliza correa da cunha;22;F;NAO;NAO;21/05/2020;coronavi­rus (sars-cov2);
05/06/2020;itambe;elaine casado correa;29;F;SIM;NAO;09/06/2020;confirmado;
08/06/2020;itambe;marco antonio pelegrini;31;M;NAO;NAO;08/06/2020;confirmado;
18/06/2020;ivatuba;claudemir de souza soares;41;MASCULINO;SIM;NAO;15/06/2020;confirmado;
15/06/2020;ivatuba;daniel fabricio da silva;40;MASCULINO;NAO;NAO;11/06/2020;confirmado;
15/06/2020;ivatuba;nicolas bortot de almeida;12;MASCULINO;SIM;NAO;11/06/2020;confirmado;
15/06/2020;ivatuba;noel bandura;56;MASCULINO;SIM;NAO;14/06/2020;confirmado;
06/12/2020;ivatuba;rodrigo ribeiro dos santos;40;MASCULINO;NAO INFORMADO;NAO;12/06/2020;confirmado;
17/05/2020;lobato;sueli roberto;40;F;NAO;NAO;17/05/2020;confirmado;
19/06/2020;mandaguacu;andre luiz pinto;41;M;SIM;NAO;19/06/2020;confirmado;
17/05/2020;mandaguacu;antonio maximo teixeira dos santos;33;M;SIM;NAO;17/05/2020;confirmado;
29/04/2020;mandaguacu;claudeon de sousa;38;M;SIM;NAO;01/05/2020;coronavi­rus (sars-cov2);
17/05/2020;mandaguacu;cleiton alberto goes moreira martins;28;M;SIM;NAO;17/05/2020;confirmado;
18/05/2020;mandaguacu;deisieli de melo dias;25;F;SIM;NAO;18/05/2020;confirmado;
14/06/2020;mandaguacu;edison muniz dos santos;53;M;NAO;NAO;14/06/2020;coronavi­rus (sars-cov2);
18/06/2020;mandaguacu;erika cristina pacola;39;F;NAO;NAO;15/06/2020;coronavi­rus (sars-cov2);
08/06/2020;mandaguacu;fabiano aparecido nagib;37;M;SIM;NAO;07/06/2020;coronavi­rus (sars-cov2);
08/06/2020;mandaguacu;fabiano pastorelli;37;M;SIM;NAO;07/06/2020;confirmado;
10/06/2020;mandaguacu;iraci vicente gonçalves;69;F;SIM;NAO;09/06/2020;confirmado;
06/11/2020;mandaguacu;jose alonso rizzi;49;M;SIM;NAO;11/06/2020;confirmado;
20/05/2020;mandaguacu;juliane inacio alves de moura;27;F;SIM;NAO;21/05/2020;coronavi­rus (sars-cov2);
24/04/2020;mandaguacu;lucas de moura;28;M;NAO;NAO;24/04/2020;confirmado;
16/06/2020;mandaguacu;maiara de oliveira gomes;24;F;NAO;NAO;15/06/2020;reagente;
17/06/2020;mandaguacu;mayara primiani torres;22;F;NAO;NAO;15/06/2020;coronavi­rus (sars-cov2);
05/06/2020;mandaguacu;messias alves da silva;30;M;SIM;NAO;05/06/2020;confirmado;
06/09/2020;mandaguacu;milena da costa rizzi;22;F;SIM;NAO;08/06/2020;confirmado;
09/06/2020;mandaguacu;monica francieli costa silveira;31;F;NAO;NAO;08/06/2020;reagente;
19/05/2020;mandaguacu;osvaldo raimundo neto;25;M;SIM;NAO;19/05/2020;confirmado;
06/07/2020;mandaguacu;roseli brites da costa rizzi;41;F;NAO;NAO;10/06/2020;confirmado;
21/04/2020;mandaguacu;sebastião lourenço moura;52;M;NAO;NAO;21/04/2020;confirmado;
06/12/2020;mandaguacu;solange de fontes silva;48;F;NAO;NAO;11/06/2020;confirmado;
18/05/2020;mandaguacu;valter rodrigues dos santos;36;M;SIM;NAO;18/05/2020;confirmado;
16/06/2020;mandaguari;adãƒo estigarribia de moraes;70;M;NAO;NAO;16/06/2020;coronavi­rus (sars-cov2);
01/06/2020;mandaguari;adriane azevedo ramos luiz;32;FEMININO;SIM;NAO;09/06/2020;confirmado;
19/06/2020;mandaguari;angelica romagnolo de andrade vieira;33;F;NAO;NAO;19/06/2020;coronavi­rus (sars-cov2);
13/05/2020;mandaguari;antonio bergamasco;67;MASCULINO;NAO;SIM   ;14/05/2020;confirmado;
12/06/2020;mandaguari;antonio maria favoretto;63;M;NAO;NAO;12/06/2020;coronavi­rus (sars-cov2);
18/06/2020;mandaguari;antonio messias ferreira;71;MASCULINO;NAO;SIM  ;18/06/2020;confirmado;
12/06/2020;mandaguari;caio cesar simao dos santos;30;MASCULINO;NAO;NAO;11/06/2020;confirmado;
18/05/2020;mandaguari;elizabete alves de souza;61;FEMININO;SIM;NAO;18/05/2020;confirmado;
17/06/2020;mandaguari;faraildes pereira dos santos;70;F;NAO;NAO;17/06/2020;reagente;
16/04/2020;mandaguari;fernando henrique zanardo gonzales;34;MASCULINO;NAO;NAO;16/04/2020;confirmado;
19/06/2020;mandaguari;francisco barbosa neto;29;M;NAO;NAO;19/06/2020;coronavi­rus (sars-cov2);
11/06/2020;mandaguari;gercinda domingues dos santos;44;FEMININO;NAO;NAO;11/06/2020;confirmado;
19/06/2020;mandaguari;ilma fortunato corsine;52;F;NAO;NAO;19/06/2020;coronavi­rus (sars-cov2);
20/05/2020;mandaguari;janaina carla alves de souza;37;FEMININO;SIM;NAO;20/05/2020;confirmado;
15/06/2020;mandaguari;jaqueline cristina da silva;41;FEMININO;NAO;NAO;12/06/2020;confirmado;
09/06/2020;mandaguari;joao donizeti leopoldino;58;M;NAO;NAO;08/06/2020;reagente;
05/06/2020;mandaguari;juliana moura dos santos;35;F;NAO;NAO;05/06/2020;coronavi­rus (sars-cov2);
19/06/2020;mandaguari;lennon henrique ribeiro gomes;27;M;NAO;NAO;19/06/2020;coronavi­rus (sars-cov2);
15/06/2020;mandaguari;leonilda gudulunas da silva;66;FEMININO;NAO;NAO;11/06/2020;confirmado;
19/06/2020;mandaguari;lucio de oliveira passos;60;M;NAO;NAO;19/06/2020;coronavi­rus (sars-cov2);
01/06/2020;mandaguari;luiz jair ferreira;61;M;SIM;NAO;01/06/2020;reagente;
16/06/2020;mandaguari;luiz maio milan fonte;63;MASCULINO;NAO;NAO;18/06/2020;confirmado;
08/06/2020;mandaguari;marcos josã‰ ferreira;45;M;NAO;NAO;08/06/2020;reagente;
15/06/2020;mandaguari;maria cristina vila nova;55;FEMININO;NAO;NAO;15/06/2020;confirmado;
22/06/2020;mandaguari;maria lucia martinez;56;F;NAO;NAO;22/06/2020;coronavi­rus (sars-cov2);
30/05/2020;mandaguari;mariana rossi simoes baltazar;23;FEMININO;SIM;NAO;30/05/2020;confirmado;
22/05/2020;mandaguari;mario domingos figueiredo;60;M;NAO;NAO;21/05/2020;reagente;
17/06/2020;mandaguari;marli de fatima de oliveira;45;F;NAO;NAO;16/06/2020;reagente;
21/06/2020;mandaguari;max iais rodrigues;52;M;NAO;NAO;21/06/2020;reagente;
30/05/2020;mandaguari;mayara karina sertorio rossi;26;FEMININO;SIM;NAO;30/05/2020;confirmado;
11/06/2020;mandaguari;michelli palmezano de castro serdeira;31;FEMININO;NAO;NAO;11/06/2020;confirmado;
19/06/2020;mandaguari;nesia da mata passos;55;FEMININO;NAO;NAO;20/06/2020;confirmado;
12/06/2020;mandaguari;regiana de oliveira medina;41;FEMININO;NAO;NAO;12/06/2020;confirmado;
15/06/2020;mandaguari;ronaldo serdeira silva;41;MASCULINO;NAO;NAO;14/06/2020;confirmado;
19/06/2020;mandaguari;sandro dias;38;M;NAO;NAO;19/06/2020;coronavi­rus (sars-cov2);
15/06/2020;mandaguari;sophia serdeira da silva castro;5;FEMININO;NAO;NAO;14/06/2020;confirmado;
04/06/2020;mandaguari;stephanie de toledo pavan;25;FEMININO;NAO;NAO;04/06/2020;confirmado;
11/06/2020;mandaguari;sueli aparecida ribeiro;49;FEMININO;NAO;NAO;14/06/2020;confirmado;
22/06/2020;mandaguari;vilma povh;55;F;NAO;NAO;22/06/2020;coronavi­rus (sars-cov2);
12/06/2020;mandaguari;viviane ap mulato pereira;42;FEMININO;NAO;NAO;12/06/2020;confirmado;
12/06/2020;mandaguari;viviane aparecida mulato pereira;42;F;NAO;NAO;12/06/2020;coronavi­rus (sars-cov2);
25/05/2020;marialva;abelardo domene martins;79;M;NAO;NAO;25/05/2020;coronavi­rus (sars-cov2);
17/06/2020;marialva;diana jessica dos santos marques;28;F;NAO;NAO;15/06/2020;coronavi­rus (sars-cov2);
22/06/2020;marialva;eveline stocco de oliveira;38;F;NAO;NAO;19/06/2020;coronavi­rus (sars-cov2);
06/06/2020;marialva;francinette carneiro correia;35;F;NAO;NAO;12/06/2020;coronavi­rus (sars-cov2);
25/05/2020;marialva;gilson massaharu tachibana;50;M;SIM;NAO;25/05/2020;confirmado;
22/06/2020;marialva;gustavo aissa pacheo do nascim;24;M;NAO;NAO;20/06/2020;coronavi­rus (sars-cov2);
14/06/2020;marialva;imaculada da conceicao de souza silva;33;F;NAO;NAO;19/06/2020;confirmado;
31/05/2020;marialva;leonor martinez feliciano;75;F;NAO;NAO;31/05/2020;confirmado;
03/06/2020;marialva;maisa mara grilo;25;F;NAO;NAO;03/06/2020;confirmado;
12/06/2020;marialva;maria teresa ramos cavalari;64;F;NAO;NAO;12/06/2020;coronavi­rus (sars-cov2);
13/06/2020;marialva;marli anizetina saunite;50;F;SIM;NAO;15/06/2020;confirmado;
09/06/2020;marialva;nadir francisco saunitti;79;F;NAO;NAO;09/06/2020;confirmado;
12/06/2020;marialva;renan manccini moreira;30;M;NAO;NAO;12/06/2020;coronavi­rus (sars-cov2);
01/05/2020;marialva;romoaldo galacio;45;M;VIAGEM;NAO;01/05/2020;confirmado;
15/06/2020;marialva;rosemir alves nogueira;43;M;NAO;NAO;14/06/2020;coronavi­rus (sars-cov2);
06/11/2020;marialva;sandra aparecida blasques frosato;53;F;NAO;NAO;15/06/2020;confirmado;
06/11/2020;marialva;valter alberto ciola;58;M;SIM;NAO;15/06/2020;confirmado;
01/06/2020;marialva;wagner paschoini batalini;59;M;VIAGEM;NAO;01/06/2020;confirmado;
13/06/2020;maringa;abner ferreira loiola da silva;26;M;NAO;NAO;12/06/2020;coronavi­rus (sars-cov2);
01/06/2020;maringa;adalberto junio deliborio;41;M;NAO;NAO;02/06/2020;coronavi­rus (sars-cov2);
13/06/2020;maringa;adelia agostinho  muondo;19;F;NAO;NAO;12/06/2020;coronavi­rus (sars-cov2);
12/06/2020;maringa;adenilson de oliveira;51;M;NAO;NAO;11/06/2020;coronavi­rus (sars-cov2);
05/06/2020;maringa;adilson aparecido couto;41;M;NAO;NAO;05/06/2020;reagente;
31/05/2020;maringa;adolfina cardoso da silveira;85;F;NAO;NAO;31/05/2020;coronavi­rus (sars-cov2);
13/06/2020;maringa;adriana aparecida da silva mello;41;F;NAO;NAO;12/06/2020;coronavi­rus (sars-cov2);
14/06/2020;maringa;adriana cristina tozzo;40;F;NAO;NAO;14/06/2020;coronavi­rus (sars-cov2);
06/06/2020;maringa;adriana ferreira benedito;34;F;NAO;NAO;08/06/2020;coronavi­rus (sars-cov2);
13/05/2020;maringa;adriana gomes da silva;50;F;NAO;NAO;13/05/2020;coronavi­rus (sars-cov2);
13/06/2020;maringa;adriane pereira leal;44;F;NAO;NAO;13/06/2020;coronavi­rus (sars-cov2);
16/06/2020;maringa;adriano buratti pires;47;M;SIM;NAO;16/06/2020;coronavi­rus (sars-cov2);
13/06/2020;maringa;adriano francisco dos santos;40;M;SIM;NAO;12/06/2020;coronavi­rus (sars-cov2);
13/06/2020;maringa;adrieli caroline vieira;26;F;NAO;NAO;14/06/2020;coronavi­rus (sars-cov2);
19/06/2020;maringa;afonso jose de araujo;35;M;NAO;NAO;17/06/2020;coronavi­rus (sars-cov2);
03/06/2020;maringa;albino brito;77;M;SIM;NAO;03/06/2020;coronavi­rus (sars-cov2);
18/06/2020;maringa;aldo castro da silva;36;M;NAO;NAO;16/06/2020;coronavi­rus (sars-cov2);
29/05/2020;maringa;aldo tows;51;M;NAO;NAO;29/05/2020;coronavi­rus (sars-cov2);
05/06/2020;maringa;alejandro torres taborda;17;M;NAO;NAO;05/06/2020;coronavi­rus (sars-cov2);
01/06/2020;maringa;aleksander francisco meirellis;23;M;NAO;NAO;02/06/2020;coronavi­rus (sars-cov2);
07/06/2020;maringa;alessandra de oliveira gomes lima;44;F;NAO;NAO;08/06/2020;coronavi­rus (sars-cov2);
16/06/2020;maringa;alessandra de souzaperin;21;F;NAO;NAO;15/06/2020;coronavi­rus (sars-cov2);
03/06/2020;maringa;alessandra dos santos pereira;45;F;NAO;NAO;02/06/2020;coronavi­rus (sars-cov2);
13/06/2020;maringa;alessandra rebequi;43;F;NAO;NAO;15/06/2020;coronavi­rus (sars-cov2);
20/05/2020;maringa;alex akira oda;29;M;NAO;NAO;20/05/2020;coronavi­rus (sars-cov2);
12/06/2020;maringa;alex ribeiro favaro;24;M;NAO;NAO;11/06/2020;coronavi­rus (sars-cov2);
06/06/2020;maringa;alex sandro bispo de jesus santos;40;M;SIM;NAO;05/06/2020;coronavi­rus (sars-cov2);
30/05/2020;maringa;alexander cardozo da silva;40;M;SIM;NAO;29/05/2020;reagente;
18/06/2020;maringa;alexandre gabriel bergoce marino;24;M;NAO;NAO;18/06/2020;coronavi­rus (sars-cov2);
18/06/2020;maringa;alexandre gardiolo dos santos;54;M;NAO;NAO;18/06/2020;coronavi­rus (sars-cov2);
16/05/2020;maringa;alexandre rodrigo custodio;37;M;SIM;NAO;16/05/2020;coronavi­rus (sars-cov2);
03/06/2020;maringa;alexandreo rissi petta;42;M;NAO;NAO;02/06/2020;coronavi­rus (sars-cov2);
26/05/2020;maringa;alexandro detoni;46;M;NAO;NAO;26/05/2020;coronavi­rus (sars-cov2);
18/06/2020;maringa;alice carnietto custodio;0;F;NAO;NAO;17/06/2020;coronavi­rus (sars-cov2);
17/06/2020;maringa;aline daniela ramos bettio;40;F;NAO;NAO;16/06/2020;coronavi­rus (sars-cov2);
28/03/2020;maringa;aline de souza lopes;30;F;NAO;NAO;30/03/2020;coronavi­rus (sars-cov2);
07/06/2020;maringa;aline leonel maimone;45;F;NAO;NAO;05/06/2020;coronavi­rus (sars-cov2);
16/06/2020;maringa;aline pelegrine;31;F;NAO;NAO;18/06/2020;coronavi­rus (sars-cov2);
09/06/2020;maringa;aline priscila dias;28;F;NAO;NAO;07/06/2020;coronavi­rus (sars-cov2);
27/05/2020;maringa;aline roberta siqueira mazia;39;F;NAO;NAO;26/05/2020;reagente;
15/06/2020;maringa;aline verissimo schult;18;F;NAO;NAO;14/06/2020;coronavi­rus (sars-cov2);
30/05/2020;maringa;aline verzignassi silveira;28;F;NAO;NAO;30/05/2020;coronavi­rus (sars-cov2);
08/06/2020;maringa;alini cadete hamerschimidt;36;F;SIM;NAO;11/06/2020;reagente;
08/06/2020;maringa;alison jose faltz;47;M;NAO;NAO;07/06/2020;coronavi­rus (sars-cov2);
24/05/2020;maringa;alison luis de souza xavier;23;M;NAO;NAO;22/05/2020;coronavi­rus (sars-cov2);
14/06/2020;maringa;alisson gravena;33;M;NAO;NAO;01/06/2020;coronavi­rus (sars-cov2);
28/05/2020;maringa;allinson fernandes;25;M;NAO;NAO;28/05/2020;coronavi­rus (sars-cov2);
15/06/2020;maringa;almir de godoy silva;57;M;NAO;NAO;14/06/2020;coronavi­rus (sars-cov2);
24/04/2020;maringa;altair aparecido teixeira;50;M;NAO;NAO;24/04/2020;coronavi­rus (sars-cov2);
23/04/2020;maringa;alvo orlando vizzoto;48;M;NAO;NAO;13/04/2020;coronavi­rus (sars-cov2);
10/06/2020;maringa;alysson barbosa de oliveira;18;M;NAO;NAO;11/06/2020;coronavi­rus (sars-cov2);
07/06/2020;maringa;alzira pastrello gresmachi;83;F;NAO;NAO;06/06/2020;coronavi­rus (sars-cov2);
18/06/2020;maringa;amalia vian silverio;88;F;NAO;NAO;17/06/2020;coronavi­rus (sars-cov2);
16/06/2020;maringa;amanda cristina de araujo teixeira;37;M;NAO;NAO;15/06/2020;coronavi­rus (sars-cov2);
17/05/2020;maringa;amanda ribeiro amorim;24;F;NAO;NAO;18/05/2020;coronavi­rus (sars-cov2);
19/06/2020;maringa;americo antonio guedes martins;42;M;NAO;NAO;18/06/2020;coronavi­rus (sars-cov2);
05/06/2020;maringa;americo leonardo de carlos biff;38;M;NAO;NAO;05/06/2020;coronavi­rus (sars-cov2);
30/05/2020;maringa;amilton rodrigues;46;M;NAO;NAO;29/05/2020;reagente;
07/06/2020;maringa;ana caroline alves passuelo;19;F;NAO;NAO;06/06/2020;coronavi­rus (sars-cov2);
13/06/2020;maringa;ana caroline de lima;30;F;NAO;NAO;13/06/2020;reagente;
15/06/2020;maringa;ana clara godoi bonini;80;F;NAO;NAO;15/06/2020;coronavi­rus (sars-cov2);
19/06/2020;maringa;ana claudia diniz;32;F;NAO;NAO;18/06/2020;coronavi­rus (sars-cov2);
09/06/2020;maringa;ana darci febre goulart;65;F;NAO;NAO;09/06/2020;reagente;
31/05/2020;maringa;ana flavia inocencio camargo;27;F;NAO;NAO;31/05/2020;coronavi­rus (sars-cov2);
16/06/2020;maringa;ana lucia da silva;38;F;NAO;NAO;15/06/2020;coronavi­rus (sars-cov2);
19/04/2020;maringa;ana maria amaral de souza;53;F;NAO;NAO;20/04/2020;coronavi­rus (sars-cov2);
02/06/2020;maringa;ana paula barbosa benitte;42;F;NAO;NAO;03/06/2020;coronavi­rus (sars-cov2);
18/06/2020;maringa;ana paula gervasio;34;F;NAO;NAO;16/06/2020;coronavi­rus (sars-cov2);
25/05/2020;maringa;ana paula oliveira burckhardt;33;F;NAO;NAO;22/05/2020;reagente;
31/05/2020;maringa;ananias nunes de oliveira;57;M;NAO;NAO;01/06/2020;coronavi­rus (sars-cov2);
15/05/2020;maringa;anderson broum facco;37;M;NAO;NAO;15/05/2020;coronavi­rus (sars-cov2);
25/05/2020;maringa;anderson camargo dos santos;37;M;NAO;NAO;25/05/2020;coronavi­rus (sars-cov2);
07/06/2020;maringa;anderson jose gomes;38;M;NAO;NAO;06/06/2020;coronavi­rus (sars-cov2);
04/06/2020;maringa;andre felipe oliveira elias;31;M;NAO;NAO;03/06/2020;reagente;
01/06/2020;maringa;andre ferreira cazon;35;M;NAO;NAO;04/06/2020;coronavi­rus (sars-cov2);
04/05/2020;maringa;andre martinelli;38;M;NAO;NAO;01/05/2020;coronavi­rus (sars-cov2);
12/05/2020;maringa;andre rehder nardi;31;M;NAO;NAO;31/03/2020;coronavi­rus (sars-cov2);
25/05/2020;maringa;andreia amparo picolotto gamba;38;F;NAO;NAO;25/05/2020;coronavi­rus (sars-cov2);
14/06/2020;maringa;andres vieira osuna;59;M;NAO;NAO;13/06/2020;coronavi­rus (sars-cov2);
09/06/2020;maringa;andressa almeida peixoto miguel;39;F;NAO;NAO;08/06/2020;coronavi­rus (sars-cov2);
20/05/2020;maringa;andressa christina alves inacio;23;F;NAO;NAO;20/05/2020;coronavi­rus (sars-cov2);
28/05/2020;maringa;andressa cristina da silva;31;F;NAO;NAO;26/05/2020;coronavi­rus (sars-cov2);
17/06/2020;maringa;andressa dos santos camargo;32;F;NAO;NAO;15/06/2020;coronavi­rus (sars-cov2);
02/06/2020;maringa;andressa xavier rodrigues;19;F;NAO;NAO;01/06/2020;coronavi­rus (sars-cov2);
15/05/2020;maringa;andreza fabricia souza;29;F;NAO;NAO;16/05/2020;coronavi­rus (sars-cov2);
01/06/2020;maringa;andreza luana alves freire;26;F;NAO;NAO;02/06/2020;coronavi­rus (sars-cov2);
20/06/2020;maringa;andreza naia lopes;38;F;NAO;NAO;18/06/2020;coronavi­rus (sars-cov2);
09/06/2020;maringa;angela balieiro;36;F;NAO;NAO;08/06/2020;coronavi­rus (sars-cov2);
13/06/2020;maringa;angela lopes da silva;41;F;NAO;NAO;13/06/2020;coronavi­rus (sars-cov2);
18/05/2020;maringa;angela maria dala rosa de oliveira;55;F;NAO;NAO;18/05/2020;coronavi­rus (sars-cov2);
15/06/2020;maringa;angela maria martins;51;F;NAO;NAO;14/06/2020;coronavi­rus (sars-cov2);
05/06/2020;maringa;angela rosaria gimenes;39;F;NAO;NAO;08/06/2020;coronavi­rus (sars-cov2);
11/06/2020;maringa;angelica borges de oliveira;75;F;NAO;NAO;11/06/2020;coronavi­rus (sars-cov2);
06/06/2020;maringa;angelica lourenã‡o da fonseca;20;F;NAO;NAO;05/06/2020;coronavi­rus (sars-cov2);
04/06/2020;maringa;angelo rinaldo santarosa;52;M;NAO;NAO;03/06/2020;coronavi­rus (sars-cov2);
17/06/2020;maringa;anizio mauricio de oliveira;51;M;NAO;NAO;16/06/2020;coronavi­rus (sars-cov2);
15/06/2020;maringa;anna barbara borges wallauer;22;F;NAO;NAO;09/06/2020;coronavi­rus (sars-cov2);
15/04/2020;maringa;anna rosa de oliveira;83;F;NAO;NAO;20/05/2020;coronavi­rus (sars-cov2);
13/06/2020;maringa;anne caroline correa;30;F;NAO;NAO;14/06/2020;coronavi­rus (sars-cov2);
29/03/2020;maringa;antonia vanilda da silva camilo;57;F;SIM;NAO;29/03/2020;coronavi­rus (sars-cov2);
16/06/2020;maringa;antonio alves bezerra neto;22;M;NAO;NAO;16/06/2020;reagente;
18/06/2020;maringa;antonio francisco dos santos;62;M;SIM;NAO;18/06/2020;reagente;
18/06/2020;maringa;antonio hernandes junior;36;M;NAO;NAO;10/06/2020;coronavi­rus (sars-cov2);
08/06/2020;maringa;antonio mira de carvalho mota;6;M;NAO;NAO;07/06/2020;coronavi­rus (sars-cov2);
15/06/2020;maringa;antonio moretti filho;68;M;NAO;NAO;13/06/2020;coronavi­rus (sars-cov2);
30/04/2020;maringa;antonio rodrigues de souza neto;33;M;NAO;NAO;30/04/2020;coronavi­rus (sars-cov2);
11/06/2020;maringa;antonio vicente rizzo;59;M;NAO;NAO;11/06/2020;coronavi­rus (sars-cov2);
08/06/2020;maringa;aparecida maria da silva;52;F;NAO;NAO;09/06/2020;coronavi­rus (sars-cov2);
15/05/2020;maringa;aparecida solange de souza;59;F;NAO;NAO;15/05/2020;coronavi­rus (sars-cov2);
08/06/2020;maringa;aparecido carlos fenelon;61;M;NAO;NAO;08/06/2020;coronavi­rus (sars-cov2);
05/06/2020;maringa;aparecido goncalves de oliveira;53;M;SIM;NAO;04/06/2020;coronavi­rus (sars-cov2);
14/06/2020;maringa;apoliana flausino muniz;20;F;NAO;NAO;14/06/2020;coronavi­rus (sars-cov2);
19/06/2020;maringa;aretuza zaupa gasparim;40;F;NAO;NAO;18/06/2020;reagente;
10/06/2020;maringa;arnaldo sacco tintori;33;M;NAO;NAO;09/06/2020;coronavi­rus (sars-cov2);
02/04/2020;maringa;arnoldo ribeiro de campos;85;M;NAO;NAO;02/04/2020;coronavi­rus (sars-cov2);
22/05/2020;maringa;arthur lorenzo matos vidal;0;M;NAO;NAO;22/05/2020;coronavi­rus (sars-cov2);
05/06/2020;maringa;asiz chaim;56;M;NAO;NAO;05/06/2020;coronavi­rus (sars-cov2);
08/06/2020;maringa;aurelia de fatima del passo pinto;59;F;NAO;NAO;06/06/2020;coronavi­rus (sars-cov2);
07/04/2020;maringa;aureo de mello;55;M;NAO;SIM;07/04/2020;positivo;
31/05/2020;maringa;aurio de almeirda camargo;38;M;NAO;NAO;01/06/2020;coronavi­rus (sars-cov2);
12/06/2020;maringa;barbara inacio ferreira de paule;31;F;NAO;NAO;10/06/2020;coronavi­rus (sars-cov2);
12/06/2020;maringa;beatriz maganha de oliveira;14;F;NAO;NAO;12/06/2020;coronavi­rus (sars-cov2);
15/06/2020;maringa;beatriz rocha zagorski;35;F;NAO;NAO;13/06/2020;coronavi­rus (sars-cov2);
19/03/2020;maringa;belchior martins;84;M;NAO;SIM;19/03/2020;positivo;
15/06/2020;maringa;benedito gabriel oliveira da silva;22;M;NAO;NAO;14/06/2020;coronavi­rus (sars-cov2);
01/06/2020;maringa;bernardo abreu miranda;30;M;SIM;NAO;31/05/2020;reagente;
17/06/2020;maringa;bianca amarante da silva;24;F;NAO;NAO;17/06/2020;coronavi­rus (sars-cov2);
08/06/2020;maringa;bianca bariquelo sorzi;25;F;NAO;NAO;11/06/2020;coronavi­rus (sars-cov2);
08/06/2020;maringa;bianca cristina ferreira;32;F;NAO;NAO;06/06/2020;coronavi­rus (sars-cov2);
18/06/2020;maringa;breno diamante galdino da silva;26;M;SIM;NAO;17/06/2020;reagente;
19/05/2020;maringa;bruna camara alencar t barbosa;33;F;NAO;NAO;19/05/2020;reagente;
19/06/2020;maringa;bruna caroline rodrigues;32;F;SIM;NAO;18/06/2020;coronavi­rus (sars-cov2);
24/05/2020;maringa;bruna leticia monte;24;F;NAO;NAO;24/05/2020;coronavi­rus (sars-cov2);
03/06/2020;maringa;bruna maiara dias da silva;24;F;NAO;NAO;03/06/2020;coronavi­rus (sars-cov2);
18/05/2020;maringa;bruna rodrigues orlando;26;F;NAO;NAO;17/05/2020;coronavi­rus (sars-cov2);
04/06/2020;maringa;bruna silva;32;F;SIM;NAO;03/06/2020;coronavi­rus (sars-cov2);
01/06/2020;maringa;bruna xavier da rocha;31;F;NAO;NAO;01/06/2020;coronavi­rus (sars-cov2);
19/06/2020;maringa;bruno carrara lipori;29;M;NAO;NAO;19/06/2020;coronavi­rus (sars-cov2);
18/06/2020;maringa;bruno cassiano pereira lobato;35;M;SIM;NAO;17/06/2020;coronavi­rus (sars-cov2);
15/05/2020;maringa;bruno de oliveira simao;31;M;NAO;NAO;15/05/2020;coronavi­rus (sars-cov2);
15/06/2020;maringa;bruno dos santos melo;27;M;NAO;NAO;16/06/2020;coronavi­rus (sars-cov2);
04/06/2020;maringa;bruno floriano de faria;22;M;NAO;NAO;05/06/2020;coronavi­rus (sars-cov2);
03/06/2020;maringa;bruno macena da silva;28;M;NAO;NAO;02/06/2020;coronavi­rus (sars-cov2);
27/03/2020;maringa;bruno morelli;59;M;NAO;NAO;28/03/2020;coronavi­rus (sars-cov2);
12/06/2020;maringa;bruno quirino dos santos;38;M;NAO;NAO;12/06/2020;coronavi­rus (sars-cov2);
20/05/2020;maringa;bruno ribeiro rocha;35;M;NAO;NAO;17/05/2020;coronavi­rus (sars-cov2);
06/06/2020;maringa;cailene simone scorsato;47;F;NAO;NAO;06/06/2020;reagente;
15/06/2020;maringa;caio alessandre silva salviano;27;M;NAO;NAO;13/06/2020;coronavi­rus (sars-cov2);
09/06/2020;maringa;caio anderson da silva;24;M;NAO;NAO;08/06/2020;coronavi­rus (sars-cov2);
19/06/2020;maringa;caio augusto mochi;23;M;NAO;NAO;18/06/2020;coronavi­rus (sars-cov2);
21/03/2020;maringa;caio cesar copetti;31;M;SIM;NAO;16/03/2020;coronavi­rus (sars-cov2);
25/05/2020;maringa;camila braga;29;F;NAO;NAO;25/05/2020;reagente;
08/06/2020;maringa;camila gomes evangelista;30;F;NAO;NAO;07/06/2020;coronavi­rus (sars-cov2);
02/06/2020;maringa;camila iara silva de jesus;25;F;NAO;NAO;03/06/2020;coronavi­rus (sars-cov2);
04/06/2020;maringa;camila leite ito;38;F;NAO;NAO;03/06/2020;coronavi­rus (sars-cov2);
10/06/2020;maringa;camila regina de souza perina;31;F;NAO;NAO;11/06/2020;coronavi­rus (sars-cov2);
19/04/2020;maringa;camila shiki matsuura baldez d;41;F;NAO;NAO;19/04/2020;coronavi­rus (sars-cov2);
14/06/2020;maringa;carla patricia caprera da costa;46;F;NAO;NAO;13/06/2020;coronavi­rus (sars-cov2);
08/06/2020;maringa;carlos alberto acosta;41;M;NAO;NAO;09/06/2020;coronavi­rus (sars-cov2);
22/06/2020;maringa;carlos alberto campo de oliveira;61;M;SIM;NAO;22/06/2020;coronavi­rus (sars-cov2);
03/05/2020;maringa;carlos dos santos gois;55;M;SIM;NAO;03/05/2020;coronavi­rus (sars-cov2);
02/05/2020;maringa;carlos eduardo de g pereira;49;M;SIM;NAO;13/05/2020;reagente;
08/06/2020;maringa;carlos eduardo miller;34;M;NAO;NAO;07/06/2020;coronavi­rus (sars-cov2);
17/06/2020;maringa;carlos ferreira;42;M;NAO;NAO;15/06/2020;coronavi­rus (sars-cov2);
12/06/2020;maringa;carlos henrique moreira;32;M;NAO;NAO;13/06/2020;coronavi­rus (sars-cov2);
16/06/2020;maringa;carlos henrique moreira dias;24;M;NAO;NAO;15/06/2020;reagente;
29/04/2020;maringa;carlos roberto rodrigues;59;M;NAO;NAO;29/04/2020;coronavi­rus (sars-cov2);
23/05/2020;maringa;carmen teresa sala cucolo;56;F;SIM;NAO;23/05/2020;reagente;
25/05/2020;maringa;carol de moura rocha dias;25;F;NAO;NAO;25/05/2020;reagente;
19/06/2020;maringa;carolina de jesus da silva santos;77;F;NAO;NAO;12/06/2020;coronavi­rus (sars-cov2);
17/06/2020;maringa;carolina scalabrini goncalves marques elias;30;F;NAO;NAO;16/06/2020;coronavi­rus (sars-cov2);
10/06/2020;maringa;caroline de peder prado;25;F;NAO;NAO;09/06/2020;coronavi­rus (sars-cov2);
13/06/2020;maringa;caroline garcia barossi;28;F;NAO;NAO;11/06/2020;coronavi­rus (sars-cov2);
19/05/2020;maringa;caroline hungaras raimondi;21;F;SIM;NAO;18/05/2020;coronavi­rus (sars-cov2);
03/06/2020;maringa;caroline martins revaldaves;17;F;NAO;NAO;02/06/2020;coronavi­rus (sars-cov2);
16/06/2020;maringa;catarina da silva pimentel;6;F;NAO;NAO;15/06/2020;coronavi­rus (sars-cov2);
26/05/2020;maringa;catia fernanda mazzi;26;F;NAO;NAO;26/05/2020;reagente;
02/06/2020;maringa;celeide longo ianoni;50;F;NAO;NAO;29/05/2020;coronavi­rus (sars-cov2);
17/06/2020;maringa;celina coutinho da silva dias;55;F;NAO;NAO;15/06/2020;coronavi­rus (sars-cov2);
15/05/2020;maringa;celio da silva;51;M;SIM;NAO;15/05/2020;coronavi­rus (sars-cov2);
15/06/2020;maringa;celio da silva coelho;52;M;NAO;NAO;15/06/2020;coronavi­rus (sars-cov2);
09/06/2020;maringa;celso ricardo mariano;44;M;NAO;NAO;09/06/2020;reagente;
16/06/2020;maringa;cesar alessandro madelosso;48;M;NAO;NAO;15/06/2020;coronavi­rus (sars-cov2);
17/05/2020;maringa;chalimar simoes ferreira;31;F;NAO;NAO;17/05/2020;coronavi­rus (sars-cov2);
09/06/2020;maringa;chloe samy de oliveira azevedo;2;F;NAO;NAO;08/06/2020;coronavi­rus (sars-cov2);
01/06/2020;maringa;christian augusto gervazoni;27;M;NAO;NAO;02/06/2020;coronavi­rus (sars-cov2);
03/06/2020;maringa;cintia ayumi de jesus okamoto;27;F;NAO;NAO;10/06/2020;coronavi­rus (sars-cov2);
18/06/2020;maringa;cintia carla messias de oliveira;38;F;NAO;NAO;15/06/2020;coronavi­rus (sars-cov2);
12/06/2020;maringa;cirlene favaro piva;52;F;NAO;NAO;13/06/2020;coronavi­rus (sars-cov2);
16/06/2020;maringa;clara da silva pimentel;12;F;NAO;NAO;15/06/2020;coronavi­rus (sars-cov2);
26/05/2020;maringa;claudecir craveiro benitte;54;M;NAO;NAO;29/05/2020;coronavi­rus (sars-cov2);
22/05/2020;maringa;claudecir matiusso;54;M;NAO;NAO;22/05/2020;coronavi­rus (sars-cov2);
14/06/2020;maringa;claudemir da silva;58;M;NAO;NAO;13/06/2020;coronavi­rus (sars-cov2);
09/06/2020;maringa;claudemir padovani;51;M;NAO;NAO;08/06/2020;coronavi­rus (sars-cov2);
22/05/2020;maringa;claudenice de campos;52;F;NAO;NAO;22/05/2020;coronavi­rus (sars-cov2);
17/05/2020;maringa;claudete aparecida caio;54;F;NAO;NAO;17/05/2020;coronavi­rus (sars-cov2);
19/06/2020;maringa;claudia andrea franco marinho;58;F;NAO;NAO;17/06/2020;coronavi­rus (sars-cov2);
28/05/2020;maringa;claudia correia de moraes barbeiro;55;F;NAO;NAO;26/05/2020;reagente;
03/06/2020;maringa;claudia de souza martins;53;F;NAO;NAO;02/06/2020;coronavi­rus (sars-cov2);
09/06/2020;maringa;claudia satie ikeda;47;F;NAO;NAO;09/06/2020;reagente;
10/06/2020;maringa;cleberson soares magalhaes;32;M;NAO;NAO;11/06/2020;coronavi­rus (sars-cov2);
09/06/2020;maringa;cleide aparecida da silva;44;F;NAO;NAO;08/06/2020;coronavi­rus (sars-cov2);
23/05/2020;maringa;cleide maria romeiro palma;65;F;NAO;NAO;23/05/2020;reagente;
17/06/2020;maringa;cleuza aparecida barnabe da silva;56;F;NAO;NAO;15/06/2020;coronavi­rus (sars-cov2);
03/06/2020;maringa;cleuza deomedessi longo;74;F;NAO;NAO;03/06/2020;coronavi­rus (sars-cov2);
08/06/2020;maringa;clodoaldo da silva;42;M;NAO;NAO;07/06/2020;coronavi­rus (sars-cov2);
14/06/2020;maringa;clorival brustolin junior;46;M;NAO;NAO;13/06/2020;coronavi­rus (sars-cov2);
09/06/2020;maringa;conceicao aparecida da silva vieira;54;F;NAO;NAO;07/06/2020;coronavi­rus (sars-cov2);
11/06/2020;maringa;conceicao aparecida de oliveira;55;F;NAO;NAO;10/06/2020;coronavi­rus (sars-cov2);
09/06/2020;maringa;creunice de lourdes fais;55;F;NAO;NAO;08/06/2020;coronavi­rus (sars-cov2);
01/06/2020;maringa;crisele cristina souza cruz;24;F;NAO;NAO;01/06/2020;coronavi­rus (sars-cov2);
10/06/2020;maringa;crislaine rech de araujo da costa;31;F;NAO;NAO;10/06/2020;coronavi­rus (sars-cov2);
28/05/2020;maringa;cristiane aparecida rosa;40;F;NAO;NAO;28/05/2020;reagente;
12/06/2020;maringa;cristiano abram pimentel;40;M;NAO;NAO;12/06/2020;coronavi­rus (sars-cov2);
30/05/2020;maringa;cristiano augusto batista;39;M;NAO;NAO;31/05/2020;coronavi­rus (sars-cov2);
23/05/2020;maringa;cristiano nascimento da silva;41;M;NAO;NAO;20/05/2020;coronavi­rus (sars-cov2);
10/06/2020;maringa;cristina bordignon coelho;36;F;NAO;NAO;09/06/2020;reagente;
24/04/2020;maringa;cynthia mayumi ishi tomita;32;F;NAO;NAO;24/04/2020;reagente;
26/05/2020;maringa;dagoberto castelhano;68;M;NAO;NAO;26/05/2020;coronavi­rus (sars-cov2);
15/06/2020;maringa;daiane caroline siqueira;22;F;NAO;NAO;14/06/2020;coronavi­rus (sars-cov2);
19/06/2020;maringa;daiane francieli da silva santos;36;F;NAO;NAO;18/06/2020;reagente;
03/06/2020;maringa;daiany ferrira delefrati;23;F;NAO;NAO;02/06/2020;coronavi­rus (sars-cov2);
15/06/2020;maringa;dalton vinicius ferreira;48;M;NAO;NAO;09/06/2020;reagente;
16/06/2020;maringa;daniel costa;68;M;NAO;NAO;15/06/2020;coronavi­rus (sars-cov2);
29/05/2020;maringa;daniel jose pereira;66;M;NAO;NAO;27/05/2020;reagente;
22/04/2020;maringa;daniel maciel ribeiro de campo;51;M;SIM;NAO;18/04/2020;reagente;
19/05/2020;maringa;daniel rodrigues do nascimento;28;M;SIM;NAO;16/05/2020;coronavi­rus (sars-cov2);
18/05/2020;maringa;daniel soriano dos santos;30;M;NAO;NAO;17/05/2020;coronavi­rus (sars-cov2);
26/05/2020;maringa;daniela aparecida hellebrand;37;F;NAO;NAO;25/05/2020;reagente;
30/04/2020;maringa;daniele aparecida capelato pagnan;31;F;NAO;NAO;30/04/2020;reagente;
03/06/2020;maringa;daniele maria da silva;20;F;SIM;NAO;03/06/2020;coronavi­rus (sars-cov2);
06/06/2020;maringa;danielle thais uchoa santos;24;F;NAO;NAO;08/06/2020;coronavi­rus (sars-cov2);
08/06/2020;maringa;daniely fabrini muniz de oliveira;31;F;NAO;NAO;08/06/2020;coronavi­rus (sars-cov2);
17/03/2020;maringa;danillo ronqui;32;M;SIM;NAO;17/03/2020;coronavi­rus (sars-cov2);
22/05/2020;maringa;dario de sales ribeiro;35;M;NAO;NAO;22/05/2020;reagente;
18/06/2020;maringa;davi lucca mello dos santos;1;M;NAO;NAO;17/06/2020;coronavi­rus (sars-cov2);
11/06/2020;maringa;davi luiz donizete;5;M;NAO;NAO;11/06/2020;coronavi­rus (sars-cov2);
31/05/2020;maringa;davi peixoto jesus;37;M;NAO;NAO;02/06/2020;coronavi­rus (sars-cov2);
29/04/2020;maringa;david rodrigues ferreira neto;30;M;NAO;NAO;27/04/2020;coronavi­rus (sars-cov2);
07/06/2020;maringa;dayara heberle;52;F;NAO;NAO;06/06/2020;coronavi­rus (sars-cov2);
18/06/2020;maringa;debora daniele martins;21;F;NAO;NAO;16/06/2020;coronavi­rus (sars-cov2);
10/06/2020;maringa;debora eloisa soares;32;F;NAO;NAO;12/06/2020;coronavi­rus (sars-cov2);
15/06/2020;maringa;deise amaral campos;32;F;NAO;NAO;14/06/2020;coronavi­rus (sars-cov2);
16/06/2020;maringa;deise rodrigue de souza;36;F;NAO;NAO;15/06/2020;coronavi­rus (sars-cov2);
27/03/2020;maringa;denair arrias weiller;57;M;NAO;NAO;27/03/2020;coronavi­rus (sars-cov2);
17/05/2020;maringa;denilson vieira da silva guede;36;M;NAO;NAO;18/05/2020;coronavi­rus (sars-cov2);
20/05/2020;maringa;denis henrique frederico de souza;30;M;NAO;NAO;20/05/2020;coronavi­rus (sars-cov2);
15/05/2020;maringa;deonilde pulzatto maronez;84;F;NAO;NAO;28/03/2020;coronavi­rus (sars-cov2);
18/05/2020;maringa;deusdete gonã‡alves de araujo;50;F;NAO;NAO;19/05/2020;coronavi­rus (sars-cov2);
08/06/2020;maringa;devanildo correia dos santos;50;M;NAO;NAO;07/06/2020;coronavi­rus (sars-cov2);
15/06/2020;maringa;deyse fernandes da silva;28;F;NAO;NAO;14/06/2020;coronavi­rus (sars-cov2);
25/05/2020;maringa;dianislene molina moreira;32;F;NAO;NAO;18/05/2020;coronavi­rus (sars-cov2);
17/06/2020;maringa;diego johnatan da silva;30;M;SIM;NAO;15/06/2020;coronavi­rus (sars-cov2);
13/06/2020;maringa;diego rodrigues da silva;23;M;NAO;NAO;13/06/2020;coronavi­rus (sars-cov2);
28/05/2020;maringa;diogenes luiz do prado;56;M;SIM;NAO;28/05/2020;coronavi­rus (sars-cov2);
09/06/2020;maringa;diorgnes silva de queiroz;35;M;NAO;NAO;08/06/2020;coronavi­rus (sars-cov2);
14/06/2020;maringa;dominic ramos duarte;0;M;NAO;NAO;12/06/2020;coronavi­rus (sars-cov2);
04/06/2020;maringa;doracy taques abrãƒo;73;F;NAO;NAO;04/06/2020;coronavi­rus (sars-cov2);
13/06/2020;maringa;dorival maganha ilesses;70;M;NAO;NAO;16/06/2020;coronavi­rus (sars-cov2);
20/06/2020;maringa;dorli albino da silva;63;F;NAO;NAO;19/06/2020;coronavi­rus (sars-cov2);
07/06/2020;maringa;douglas antonio silva fajardo;46;M;NAO;NAO;06/06/2020;coronavi­rus (sars-cov2);
08/06/2020;maringa;douglas cadete lopes;26;M;NAO;NAO;07/06/2020;coronavi­rus (sars-cov2);
03/06/2020;maringa;douglas ferreira delefrati;31;M;NAO;NAO;02/06/2020;coronavi­rus (sars-cov2);
26/05/2020;maringa;douglas gonzales sendeski;41;M;NAO;NAO;25/05/2020;reagente;
20/05/2020;maringa;douglas sunelaitis;34;M;NAO;NAO;17/05/2020;coronavi­rus (sars-cov2);
28/05/2020;maringa;douglas vinicius hernandes;32;M;SIM;NAO;26/05/2020;coronavi­rus (sars-cov2);
04/06/2020;maringa;duciara santos dias;43;F;NAO;NAO;03/06/2020;coronavi­rus (sars-cov2);
10/06/2020;maringa;dulce chagas do nascimento;42;F;NAO;NAO;11/06/2020;coronavi­rus (sars-cov2);
17/06/2020;maringa;durval teixeira chaves;51;M;NAO;NAO;16/06/2020;coronavi­rus (sars-cov2);
21/05/2020;maringa;dyego armando moura da silva;31;M;NAO;NAO;20/05/2020;coronavi­rus (sars-cov2);
07/06/2020;maringa;eder antonio tozzo;34;M;NAO;NAO;07/06/2020;coronavi­rus (sars-cov2);
24/04/2020;maringa;edigar pinheiro leandrini;56;M;NAO;NAO;25/04/2020;coronavi­rus (sars-cov2);
17/05/2020;maringa;edilson barbosa;45;M;NAO;NAO;17/05/2020;coronavi­rus (sars-cov2);
16/06/2020;maringa;edineia milare armando;56;F;SIM;NAO;16/06/2020;coronavi­rus (sars-cov2);
09/06/2020;maringa;edivan vieira teixeira;31;M;NAO;NAO;08/06/2020;coronavi­rus (sars-cov2);
08/06/2020;maringa;edmilson salesse;32;M;NAO;NAO;07/06/2020;coronavi­rus (sars-cov2);
28/05/2020;maringa;edna salete radigonda delalibera;62;F;NAO;NAO;30/05/2020;reagente;
29/04/2020;maringa;edneia rossil neto;59;F;NAO;NAO;29/04/2020;reagente;
22/05/2020;maringa;edson bezerra cravo;31;M;NAO;NAO;22/05/2020;coronavi­rus (sars-cov2);
09/06/2020;maringa;edson fernando pedroso;53;M;NAO;NAO;08/06/2020;coronavi­rus (sars-cov2);
28/04/2020;maringa;edson luiz belido;48;M;NAO;NAO;25/05/2020;reagente;
14/05/2020;maringa;edson luiz neckel filho;39;M;NAO;NAO;15/05/2020;coronavi­rus (sars-cov2);
01/06/2020;maringa;edson massami ishi stroparo;56;M;NAO;NAO;01/06/2020;reagente;
25/05/2020;maringa;eduarda taboni luis;18;F;NAO;NAO;25/05/2020;coronavi­rus (sars-cov2);
22/05/2020;maringa;eduardo cardoso;28;M;NAO;NAO;22/05/2020;coronavi­rus (sars-cov2);
08/06/2020;maringa;eduardo de souza perina;24;M;NAO;NAO;07/06/2020;coronavi­rus (sars-cov2);
13/06/2020;maringa;eduardo porto marques;51;M;NAO;NAO;15/06/2020;coronavi­rus (sars-cov2);
03/06/2020;maringa;edwilson colombo;31;M;NAO;NAO;04/06/2020;coronavi­rus (sars-cov2);
21/05/2020;maringa;elaine aparecida de matos;42;F;NAO;NAO;22/05/2020;coronavi­rus (sars-cov2);
19/06/2020;maringa;elaine cristina gonçalves davanso;44;F;NAO;NAO;19/06/2020;comfirmado;
22/05/2020;maringa;elaine maria sfarciotti de andrade;60;F;NAO;NAO;16/04/2020;coronavi­rus (sars-cov2);
15/06/2020;maringa;elaine silvana de souza porto marques;45;F;NAO;NAO;14/06/2020;coronavi­rus (sars-cov2);
09/05/2020;maringa;elenoil gomes da silva;77;M;NAO;NAO;09/05/2020;coronavi­rus (sars-cov2);
25/05/2020;maringa;eliana fonseca dos santos;41;F;NAO;NAO;25/05/2020;coronavi­rus (sars-cov2);
26/05/2020;maringa;eliana portes fonseca noronha;49;F;NAO;NAO;26/05/2020;reagente;
29/05/2020;maringa;eliana sara de toledo furlin;26;F;NAO;NAO;24/05/2020;coronavi­rus (sars-cov2);
18/06/2020;maringa;eliane aparecida de jesus costa;53;F;NAO;NAO;14/06/2020;coronavi­rus (sars-cov2);
17/06/2020;maringa;eliane batista de carvalho;42;F;NAO;NAO;18/06/2020;coronavi­rus (sars-cov2);
11/06/2020;maringa;eliane de fatima louzano;44;F;NAO;NAO;10/06/2020;coronavi­rus (sars-cov2);
17/05/2020;maringa;eliete dos santos aparicio;50;F;NAO;NAO;17/05/2020;coronavi­rus (sars-cov2);
31/05/2020;maringa;elisabete aparecida sampaio de castilho;36;F;NAO;NAO;01/06/2020;coronavi­rus (sars-cov2);
26/05/2020;maringa;elisana candido ianella;28;F;NAO;NAO;27/05/2020;coronavi­rus (sars-cov2);
17/05/2020;maringa;eliza kelly custodio neves;33;F;NAO;NAO;18/05/2020;coronavi­rus (sars-cov2);
16/06/2020;maringa;elizabeth fatima lino batista;64;F;NAO;NAO;15/06/2020;coronavi­rus (sars-cov2);
15/06/2020;maringa;elizete bidim;64;F;NAO;NAO;13/06/2020;coronavi­rus (sars-cov2);
18/05/2020;maringa;ellian matheus da silva ramos;19;M;NAO;NAO;19/05/2020;coronavi­rus (sars-cov2);
26/05/2020;maringa;eloa cristia demori;27;F;NAO;NAO;25/05/2020;reagente;
10/06/2020;maringa;eloa del passo tozzo;12;F;NAO;NAO;09/06/2020;coronavi­rus (sars-cov2);
21/05/2020;maringa;elvis brambila;29;M;NAO;NAO;21/05/2020;coronavi­rus (sars-cov2);
16/06/2020;maringa;elvis patrick cupertino da silva;0;M;NAO;NAO;14/06/2020;coronavi­rus (sars-cov2);
08/06/2020;maringa;elza maria de lima;46;F;NAO;NAO;07/06/2020;coronavi­rus (sars-cov2);
18/06/2020;maringa;elza pastrelo ursulini;80;F;NAO;NAO;17/06/2020;coronavi­rus (sars-cov2);
12/06/2020;maringa;emerson luis rosseto;47;M;NAO;NAO;12/06/2020;coronavi­rus (sars-cov2);
21/05/2020;maringa;emerson nicoel dos santos soares;26;M;NAO;NAO;22/05/2020;coronavi­rus (sars-cov2);
05/06/2020;maringa;emilia batista lopes;31;F;NAO;NAO;04/06/2020;coronavi­rus (sars-cov2);
27/05/2020;maringa;emily mary barbosa moromisa;12;F;NAO;NAO;26/05/2020;coronavi­rus (sars-cov2);
19/04/2020;maringa;enio carlos sassone;57;M;SIM;NAO;19/04/2020;coronavi­rus (sars-cov2);
10/05/2020;maringa;enzo gabriel lima moraes;1;M;NAO;NAO;10/05/2020;coronavi­rus (sars-cov2);
20/06/2020;maringa;enzo valerio masclef;4;M;SIM;NAO;18/06/2020;reagente;
09/06/2020;maringa;erick gabriel ribeiro;21;M;NAO;NAO;08/06/2020;coronavi­rus (sars-cov2);
13/06/2020;maringa;erika nekipa rodrigues;27;F;NAO;NAO;13/06/2020;reagente;
16/06/2020;maringa;eryckison kassius texeira maganha maciel hundzins;43;M;NAO;NAO;14/06/2020;coronavi­rus (sars-cov2);
03/06/2020;maringa;etelvino luiz garcia;55;M;NAO;NAO;01/06/2020;reagente;
28/05/2020;maringa;euler da silveira;58;M;NAO;NAO;27/05/2020;coronavi­rus (sars-cov2);
03/06/2020;maringa;eurides tobias da silva;56;F;NAO;NAO;04/06/2020;coronavi­rus (sars-cov2);
09/06/2020;maringa;euridson dos rei guimaraes;34;M;NAO;NAO;08/06/2020;coronavi­rus (sars-cov2);
15/06/2020;maringa;euvania ferro;49;F;NAO;NAO;11/06/2020;coronavi­rus (sars-cov2);
18/06/2020;maringa;eva virginia ferreira;63;F;NAO;NAO;17/06/2020;coronavi­rus (sars-cov2);
18/06/2020;maringa;evaldo angelo pinheiro;50;M;NAO;NAO;17/06/2020;reagente;
17/06/2020;maringa;evandro cardoso de oliveira;31;M;NAO;NAO;15/06/2020;coronavi­rus (sars-cov2);
15/06/2020;maringa;everton junior soares;35;M;NAO;NAO;09/06/2020;reagente;
09/06/2020;maringa;ezequiel pedro oliveira;67;M;NAO;NAO;10/06/2020;coronavi­rus (sars-cov2);
25/05/2020;maringa;fabiano tona de oliveira;43;M;NAO;NAO;25/05/2020;reagente;
09/06/2020;maringa;fabio aparecido santana da silva;31;M;NAO;NAO;08/06/2020;coronavi­rus (sars-cov2);
16/05/2020;maringa;fabio contente;34;M;NAO;NAO;16/05/2020;coronavi­rus (sars-cov2);
09/06/2020;maringa;fabio jose nalin rocha;45;M;NAO;NAO;08/06/2020;coronavi­rus (sars-cov2);
30/05/2020;maringa;fabio mendes lacerda;38;M;NAO;NAO;30/05/2020;coronavi­rus (sars-cov2);
14/06/2020;maringa;fabio oliveira barros;22;M;NAO;NAO;16/06/2020;coronavi­rus (sars-cov2);
04/06/2020;maringa;fabricio roosevelt tenorio de oliveira;55;M;NAO;NAO;03/06/2020;coronavi­rus (sars-cov2);
04/06/2020;maringa;fabrizia dias macedo;21;F;NAO;NAO;02/06/2020;coronavi­rus (sars-cov2);
07/06/2020;maringa;felipe augusto mochi;25;M;NAO;NAO;06/06/2020;coronavi­rus (sars-cov2);
11/06/2020;maringa;felipe braz da silva;11;M;NAO;NAO;10/06/2020;coronavi­rus (sars-cov2);
29/05/2020;maringa;felipe lima de oliveira;2;M;NAO;NAO;18/05/2020;coronavi­rus (sars-cov2);
13/05/2020;maringa;felipe mazzotini ramos;18;M;NAO;NAO;12/05/2020;reagente;
05/06/2020;maringa;felipe reis azevedo;20;M;NAO;NAO;05/06/2020;coronavi­rus (sars-cov2);
21/06/2020;maringa;felipe stein;27;M;SIM;NAO;20/06/2020;coronavi­rus (sars-cov2);
13/06/2020;maringa;fernanda angelina soares goes;23;F;NAO;NAO;12/06/2020;coronavi­rus (sars-cov2);
21/05/2020;maringa;fernanda aparecida belini;40;F;NAO;NAO;21/05/2020;coronavi­rus (sars-cov2);
25/05/2020;maringa;fernanda caroline dos santos cabral;26;F;NAO;NAO;25/05/2020;coronavi­rus (sars-cov2);
07/06/2020;maringa;fernanda cimao dos santos;26;F;NAO;NAO;04/06/2020;coronavi­rus (sars-cov2);
18/06/2020;maringa;fernanda scheffer;42;F;SIM;NAO;17/06/2020;reagente;
07/06/2020;maringa;fernando antonio piresde morais;57;M;NAO;NAO;07/06/2020;coronavi­rus (sars-cov2);
30/03/2020;maringa;fernando augusto guerlles;38;M;NAO;NAO;30/03/2020;coronavi­rus (sars-cov2);
09/06/2020;maringa;fernando consolo costa;34;M;NAO;NAO;08/06/2020;coronavi­rus (sars-cov2);
11/06/2020;maringa;fernando luiz bergamasco;38;M;NAO;NAO;11/06/2020;coronavi­rus (sars-cov2);
21/05/2020;maringa;fernando paixao sanches;37;M;NAO;NAO;21/05/2020;coronavi­rus (sars-cov2);
28/05/2020;maringa;flavia aparecida simoni;32;F;NAO;NAO;28/05/2020;coronavi­rus (sars-cov2);
15/06/2020;maringa;flavia fernandes caregnato;31;F;NAO;NAO;14/06/2020;coronavi­rus (sars-cov2);
25/05/2020;maringa;flavia moleirinho baptista;41;F;NAO;NAO;25/05/2020;reagente;
09/06/2020;maringa;flavio henrique mansano ortega;38;M;NAO;NAO;09/06/2020;coronavi­rus (sars-cov2);
13/06/2020;maringa;flavio piva;55;M;NAO;NAO;12/06/2020;coronavi­rus (sars-cov2);
07/06/2020;maringa;franciele cristina dos santos;21;F;NAO;NAO;06/06/2020;coronavi­rus (sars-cov2);
09/06/2020;maringa;francielle renata reis feital;38;F;NAO;NAO;07/06/2020;coronavi­rus (sars-cov2);
19/06/2020;maringa;francielle zaponi garcia;39;F;NAO;NAO;17/06/2020;coronavi­rus (sars-cov2);
03/06/2020;maringa;francisca celia dantas sabino;34;F;NAO;NAO;02/06/2020;coronavi­rus (sars-cov2);
18/06/2020;maringa;francisca elizabeth da silva rigueira;62;F;NAO;NAO;17/06/2020;coronavi­rus (sars-cov2);
27/03/2020;maringa;francisco carlos da silva;61;M;NAO;NAO;05/04/2020;coronavi­rus (sars-cov2);
10/06/2020;maringa;francisco inacio santos de jesus;12;M;NAO;NAO;11/06/2020;coronavi­rus (sars-cov2);
08/06/2020;maringa;francislaini correia dos santos;23;F;NAO;NAO;07/06/2020;coronavi­rus (sars-cov2);
22/05/2020;maringa;francyele juliane cruz;31;F;NAO;NAO;20/05/2020;coronavi­rus (sars-cov2);
15/06/2020;maringa;franscileine michelle de almeida silva;17;F;NAO;NAO;14/06/2020;coronavi­rus (sars-cov2);
18/05/2020;maringa;fredman luiz favaro;47;F;NAO;NAO;19/05/2020;coronavi­rus (sars-cov2);
29/05/2020;maringa;gabriel dos santos barreto;20;M;NAO;NAO;29/05/2020;coronavi­rus (sars-cov2);
02/06/2020;maringa;gabriel gremaschi toniolo;0;M;NAO;NAO;06/06/2020;coronavi­rus (sars-cov2);
23/03/2020;maringa;gabriela bastos milani santim;22;F;NAO;NAO;17/03/2020;coronavi­rus (sars-cov2);
22/05/2020;maringa;gabriela cristina dellarrosa cordeiro;24;F;NAO;NAO;22/05/2020;coronavi­rus (sars-cov2);
08/06/2020;maringa;gabriela do prado manzato;21;F;NAO;NAO;05/06/2020;reagente;
07/06/2020;maringa;gabriela harumi uemoto;34;F;NAO;NAO;06/06/2020;coronavi­rus (sars-cov2);
29/05/2020;maringa;gabriela thome reis;21;F;NAO;NAO;29/05/2020;reagente;
26/05/2020;maringa;gabrielle cristina zanetti morais badan;43;F;NAO;NAO;17/05/2020;coronavi­rus (sars-cov2);
15/05/2020;maringa;gabriely goncalves barbi pinto;19;F;NAO;NAO;15/05/2020;coronavi­rus (sars-cov2);
07/06/2020;maringa;geicilene dos santos paulino;25;F;NAO;NAO;08/06/2020;coronavi­rus (sars-cov2);
15/06/2020;maringa;genil ferreira de oliveira;51;M;NAO;NAO;15/06/2020;reagente;
22/05/2020;maringa;genisia silva de souza;53;F;NAO;NAO;22/05/2020;coronavi­rus (sars-cov2);
08/06/2020;maringa;geraldo inacio junior;33;M;NAO;NAO;07/06/2020;coronavi­rus (sars-cov2);
18/06/2020;maringa;geraldo ribeiro lima;61;M;NAO;NAO;17/06/2020;coronavi­rus (sars-cov2);
08/06/2020;maringa;gerson alexandre steinwandt;49;M;NAO;NAO;11/06/2020;coronavi­rus (sars-cov2);
10/06/2020;maringa;gesse ribeiro de castro;75;M;NAO;NAO;11/06/2020;coronavi­rus (sars-cov2);
05/06/2020;maringa;geysa aline gomes reis;39;F;NAO;NAO;05/06/2020;coronavi­rus (sars-cov2);
22/04/2020;maringa;gilda tormena;71;F;SIM;NAO;17/04/2020;reagente;
03/06/2020;maringa;gilsimar gabriel de oliveira;41;M;SIM;NAO;02/06/2020;coronavi­rus (sars-cov2);
24/04/2020;maringa;giovana amaral teixeira;18;F;NAO;NAO;24/04/2020;coronavi­rus (sars-cov2);
05/06/2020;maringa;giovana araujo santos;17;F;NAO;NAO;04/06/2020;coronavi­rus (sars-cov2);
07/06/2020;maringa;giovana del passo tozzo;39;M;NAO;NAO;06/06/2020;coronavi­rus (sars-cov2);
17/05/2020;maringa;giovanna carla barreto;44;F;NAO;NAO;17/05/2020;coronavi­rus (sars-cov2);
03/06/2020;maringa;giseli pedrosa garcia;38;F;NAO;NAO;05/06/2020;coronavi­rus (sars-cov2);
24/04/2020;maringa;giselli de fatima canhete;36;F;NAO;NAO;24/04/2020;coronavi­rus (sars-cov2);
20/05/2020;maringa;gislaine macella silvestre da silva;42;F;NAO;NAO;20/05/2020;coronavi­rus (sars-cov2);
19/06/2020;maringa;gisselle maria da silva santos;38;F;NAO;NAO;18/06/2020;coronavi­rus (sars-cov2);
24/05/2020;maringa;givanildo de almeida paio;42;M;NAO;NAO;22/05/2020;coronavi­rus (sars-cov2);
18/06/2020;maringa;glaicon ferreira silva;30;M;SIM;NAO;17/06/2020;coronavi­rus (sars-cov2);
08/06/2020;maringa;glauber de araujo rocha;47;M;NAO;NAO;07/06/2020;coronavi­rus (sars-cov2);
10/05/2020;maringa;gleice kelly de souza;25;F;NAO;NAO;11/05/2020;coronavi­rus (sars-cov2);
05/06/2020;maringa;gonzalo torres valencia;50;M;SIM;NAO;04/06/2020;coronavi­rus (sars-cov2);
17/06/2020;maringa;greiser silveira pumbal;40;M;NAO;NAO;15/06/2020;coronavi­rus (sars-cov2);
14/06/2020;maringa;guerino angelo mantovani;63;M;NAO;NAO;15/06/2020;coronavi­rus (sars-cov2);
03/06/2020;maringa;guilherme dias valentim;13;M;NAO;NAO;02/06/2020;coronavi­rus (sars-cov2);
04/06/2020;maringa;guilherme felipe leite martins;19;M;NAO;NAO;03/06/2020;coronavi­rus (sars-cov2);
31/03/2020;maringa;guilherme meneguetti morroni;31;M;NAO;NAO;27/03/2020;coronavi­rus (sars-cov2);
15/06/2020;maringa;guiomar cardoso;55;F;NAO;NAO;15/06/2020;coronavi­rus (sars-cov2);
12/06/2020;maringa;gustavo da silva pinto;31;M;NAO;NAO;13/06/2020;coronavi­rus (sars-cov2);
12/06/2020;maringa;gustavo de freitas ferraz de oliveira;34;M;NAO;NAO;09/06/2020;reagente;
12/05/2020;maringa;gustavo de palma calefi;29;M;NAO;NAO;13/05/2020;reagente;
10/06/2020;maringa;gustavo dolivo;23;M;NAO;NAO;09/06/2020;coronavi­rus (sars-cov2);
19/06/2020;maringa;gustavo gomes ribeiro;27;M;NAO;NAO;18/06/2020;coronavi­rus (sars-cov2);
05/06/2020;maringa;gustavo mologne de oliveira;23;M;NAO;NAO;03/06/2020;coronavi­rus (sars-cov2);
29/05/2020;maringa;gustavo moreira de castilho;33;M;NAO;NAO;30/05/2020;coronavi­rus (sars-cov2);
07/06/2020;maringa;gustavo paes santiago;25;M;NAO;NAO;07/06/2020;coronavi­rus (sars-cov2);
17/06/2020;maringa;haislam francisco dutra;34;M;NAO;NAO;15/06/2020;coronavi­rus (sars-cov2);
27/05/2020;maringa;hedilamar gomes avelar;50;F;NAO;NAO;27/05/2020;reagente;
12/06/2020;maringa;heider girotto de sousa;34;M;NAO;NAO;13/06/2020;coronavi­rus (sars-cov2);
01/06/2020;maringa;heitor delefrati;53;M;SIM;NAO;02/06/2020;coronavi­rus (sars-cov2);
06/06/2020;maringa;heitor ferreira delafrati;16;M;NAO;NAO;02/06/2020;coronavi­rus (sars-cov2);
03/06/2020;maringa;helder martinowski pereira;28;M;NAO;NAO;02/06/2020;coronavi­rus (sars-cov2);
10/06/2020;maringa;helder teixeira santana;25;M;NAO;NAO;09/06/2020;coronavi­rus (sars-cov2);
09/06/2020;maringa;helena alves xavier rodrigues;48;F;NAO;NAO;09/06/2020;reagente;
17/05/2020;maringa;helena elizabeth claro;38;M;NAO;NAO;17/05/2020;coronavi­rus (sars-cov2);
08/06/2020;maringa;helena santana;42;F;NAO;NAO;07/06/2020;coronavi­rus (sars-cov2);
07/05/2020;maringa;heloisa feitosa zanfolin;25;F;SIM;NAO;07/05/2020;coronavi­rus (sars-cov2);
22/05/2020;maringa;heloisa maria de souza demetrio;0;F;NAO;NAO;20/05/2020;coronavi­rus (sars-cov2);
24/05/2020;maringa;heloiza biscola bleggi;27;F;NAO;NAO;22/05/2020;coronavi­rus (sars-cov2);
30/04/2020;maringa;henrique cezar ianoni;43;M;SIM;NAO;01/05/2020;coronavi­rus (sars-cov2);
29/05/2020;maringa;henrique de castro periotto;7;M;NAO;NAO;31/05/2020;coronavi­rus (sars-cov2);
08/06/2020;maringa;henry steinwandt;10;M;NAO;NAO;08/06/2020;coronavi­rus (sars-cov2);
22/06/2020;maringa;hitalo miranda souza;31;M;NAO;NAO;22/06/2020;reagente;
05/06/2020;maringa;hortencia machado irineu;22;F;NAO;NAO;05/06/2020;coronavi­rus (sars-cov2);
21/05/2020;maringa;hugney saldivar moreno;45;M;SIM;NAO;22/05/2020;coronavi­rus (sars-cov2);
16/06/2020;maringa;hugo borga;33;M;NAO;NAO;15/06/2020;coronavi­rus (sars-cov2);
19/03/2020;maringa;hugo de araujo marangoni;28;F;SIM;NAO;19/03/2020;coronavi­rus (sars-cov2);
09/06/2020;maringa;hyan lucas da silva alves;26;M;NAO;NAO;13/06/2020;coronavi­rus (sars-cov2);
30/05/2020;maringa;idorlde avelar makiyama;70;F;NAO;NAO;28/05/2020;reagente;
09/06/2020;maringa;igor da silva juzinskas;24;M;NAO;NAO;08/06/2020;coronavi­rus (sars-cov2);
14/06/2020;maringa;igor vinicius da silva vieira;24;M;NAO;NAO;15/06/2020;coronavi­rus (sars-cov2);
11/06/2020;maringa;igor zacarias bergamini da silva;22;M;NAO;NAO;10/06/2020;coronavi­rus (sars-cov2);
15/04/2020;maringa;ilda bugdanoviz;40;F;NAO;NAO;15/04/2020;coronavi­rus (sars-cov2);
09/06/2020;maringa;ilda maciel viana matias;43;F;NAO;NAO;08/06/2020;coronavi­rus (sars-cov2);
22/05/2020;maringa;ildomar tavares da silva;33;F;NAO;NAO;22/05/2020;coronavi­rus (sars-cov2);
14/06/2020;maringa;ingrid luana conejo;26;F;NAO;NAO;13/06/2020;coronavi­rus (sars-cov2);
30/05/2020;maringa;ireni pelizari;50;F;NAO;NAO;29/05/2020;reagente;
15/06/2020;maringa;isabel cristina berger acuna;28;F;NAO;NAO;14/06/2020;coronavi­rus (sars-cov2);
12/05/2020;maringa;isabel goncalves de sales;85;F;NAO;NAO;12/05/2020;coronavi­rus (sars-cov2);
20/05/2020;maringa;isabela guerra;23;F;NAO;NAO;20/05/2020;coronavi­rus (sars-cov2);
12/06/2020;maringa;isabela hadassa de aquino menezes;21;F;NAO;NAO;11/06/2020;coronavi­rus (sars-cov2);
17/06/2020;maringa;isabela nisihara moreno;26;F;NAO;NAO;15/06/2020;coronavi­rus (sars-cov2);
15/06/2020;maringa;isabela santos pelegrini;23;F;NAO;NAO;14/06/2020;coronavi­rus (sars-cov2);
12/06/2020;maringa;isadora mascari;23;F;NAO;NAO;12/06/2020;coronavi­rus (sars-cov2);
13/06/2020;maringa;isauro rodrigues da silva;48;M;NAO;NAO;12/06/2020;coronavi­rus (sars-cov2);
21/05/2020;maringa;itamar mezuraro;57;M;SIM;NAO;21/05/2020;coronavi­rus (sars-cov2);
18/06/2020;maringa;ivan de carvalho;43;M;NAO;NAO;16/06/2020;coronavi­rus (sars-cov2);
09/06/2020;maringa;ivana lucia de almeida andrade;55;F;SIM;NAO;08/06/2020;coronavi­rus (sars-cov2);
16/06/2020;maringa;ivanete tramarin pittarelli;50;F;NAO;NAO;15/06/2020;coronavi­rus (sars-cov2);
29/03/2020;maringa;ivani reggiani;68;F;NAO;NAO;01/04/2020;coronavi­rus (sars-cov2);
13/06/2020;maringa;ivo antonio da silva;70;M;NAO;NAO;13/06/2020;reagente;
25/05/2020;maringa;ivonei sena de souza;39;M;SIM;NAO;25/05/2020;coronavi­rus (sars-cov2);
15/06/2020;maringa;izabel da silva;60;F;NAO;NAO;13/06/2020;coronavi­rus (sars-cov2);
12/06/2020;maringa;izabela cristina de moraes;39;F;NAO;NAO;08/06/2020;coronavi­rus (sars-cov2);
20/05/2020;maringa;izabella janayna de souza;23;F;NAO;NAO;20/05/2020;coronavi­rus (sars-cov2);
17/05/2020;maringa;jackeline roberta guedes;31;F;SIM;NAO;18/05/2020;coronavi­rus (sars-cov2);
15/05/2020;maringa;jackson sidney sechi;54;M;NAO;NAO;12/05/2020;coronavi­rus (sars-cov2);
10/06/2020;maringa;jacson rodrigo ferreira;43;M;NAO;NAO;09/06/2020;coronavi­rus (sars-cov2);
07/06/2020;maringa;jade carolina bail;29;F;NAO;NAO;06/06/2020;coronavi­rus (sars-cov2);
12/06/2020;maringa;jafer diego araujo martins;29;M;NAO;NAO;11/06/2020;coronavi­rus (sars-cov2);
04/06/2020;maringa;jaime de marchi;56;M;SIM;NAO;03/06/2020;coronavi­rus (sars-cov2);
16/06/2020;maringa;jaine santos da silva;26;F;NAO;NAO;15/06/2020;coronavi­rus (sars-cov2);
05/06/2020;maringa;jair francisco biato;41;M;NAO;NAO;02/06/2020;coronavi­rus (sars-cov2);
11/06/2020;maringa;jair muzulon dos santos;59;M;SIM;NAO;12/06/2020;reagente;
03/04/2020;maringa;jaira candida martins;80;F;NAO;NAO;03/04/2020;coronavi­rus (sars-cov2);
20/06/2020;maringa;jamile trosdolf aidar;32;F;NAO;NAO;17/06/2020;coronavi­rus (sars-cov2);
18/06/2020;maringa;jamilson dias;58;M;NAO;NAO;17/06/2020;coronavi­rus (sars-cov2);
14/05/2020;maringa;janaina cristina garcia poeta;31;F;NAO;NAO;15/05/2020;coronavi­rus (sars-cov2);
12/06/2020;maringa;janaina da silva barros;46;F;NAO;NAO;12/06/2020;coronavi­rus (sars-cov2);
21/05/2020;maringa;janaira proenca barbosa babetto;29;F;NAO;NAO;21/05/2020;coronavi­rus (sars-cov2);
02/06/2020;maringa;janayna milene ulian;27;F;NAO;NAO;02/06/2020;coronavi­rus (sars-cov2);
17/05/2020;maringa;jane regina molina de oliveira;55;F;NAO;NAO;17/05/2020;coronavi­rus (sars-cov2);
20/06/2020;maringa;janete angelica ribeiro;49;F;NAO;NAO;20/06/2020;coronavi­rus (sars-cov2);
02/06/2020;maringa;janete ferreira da silva ribeiro;48;F;NAO;NAO;27/05/2020;reagente;
24/05/2020;maringa;janisleya silva garcia dos santos;45;F;NAO;NAO;24/05/2020;coronavi­rus (sars-cov2);
24/05/2020;maringa;jaqueline bedim;31;F;NAO;NAO;22/05/2020;coronavi­rus (sars-cov2);
12/06/2020;maringa;jaqueline da silva rosa;31;F;NAO;NAO;13/06/2020;coronavi­rus (sars-cov2);
18/06/2020;maringa;jaqueline forestieri bolonhez;30;F;NAO;NAO;17/06/2020;coronavi­rus (sars-cov2);
25/05/2020;maringa;jaqueline ito costa;31;F;NAO;NAO;25/05/2020;coronavi­rus (sars-cov2);
13/06/2020;maringa;jaqueline sepanhaki americo;32;F;NAO;NAO;13/06/2020;coronavi­rus (sars-cov2);
08/06/2020;maringa;jaqueline viotto angelossi;30;F;NAO;NAO;07/06/2020;coronavi­rus (sars-cov2);
12/06/2020;maringa;jean carlos aparecido favaro;38;M;NAO;NAO;13/06/2020;coronavi­rus (sars-cov2);
01/06/2020;maringa;jean marcel do nascimento;32;M;NAO;NAO;01/06/2020;coronavi­rus (sars-cov2);
13/06/2020;maringa;jeane maria ramos dos santos;48;F;NAO;NAO;12/06/2020;coronavi­rus (sars-cov2);
14/05/2020;maringa;jeferson adriano da silva;36;M;NAO;NAO;14/05/2020;coronavi­rus (sars-cov2);
12/06/2020;maringa;jeferson henrique guizelini;30;M;NAO;NAO;13/06/2020;coronavi­rus (sars-cov2);
03/06/2020;maringa;jeferson henrique menegolla de oliveira;20;M;NAO;NAO;30/05/2020;coronavi­rus (sars-cov2);
20/06/2020;maringa;jeferson rodrigo arzao antunes;25;M;NAO;NAO;19/06/2020;reagente;
01/06/2020;maringa;jefferson de souza;48;M;NAO;NAO;02/06/2020;coronavi­rus (sars-cov2);
20/05/2020;maringa;jennifer thais nalepa tavares;26;F;NAO;NAO;20/05/2020;coronavi­rus (sars-cov2);
05/06/2020;maringa;jesaias ricardo alves;42;M;NAO;NAO;05/06/2020;coronavi­rus (sars-cov2);
18/05/2020;maringa;jessica hernandes;24;F;NAO;NAO;18/05/2020;coronavi­rus (sars-cov2);
16/06/2020;maringa;jessica suellen bispo da silva;30;F;NAO;NAO;15/06/2020;coronavi­rus (sars-cov2);
16/06/2020;maringa;jhonatan de andrade pereira;27;M;NAO;NAO;15/06/2020;coronavi­rus (sars-cov2);
19/06/2020;maringa;jhonny maikel de oliveira;43;M;NAO;NAO;17/06/2020;coronavi­rus (sars-cov2);
11/05/2020;maringa;jhony estevo de almeida;33;M;NAO;NAO;11/05/2020;coronavi­rus (sars-cov2);
29/05/2020;maringa;joabe bonfim campos araujo teixeira;24;M;NAO;NAO;27/05/2020;coronavi­rus (sars-cov2);
12/06/2020;maringa;joao alves batista;57;M;NAO;NAO;11/06/2020;coronavi­rus (sars-cov2);
18/06/2020;maringa;joao batista wichineski;54;M;NAO;NAO;18/06/2020;reagente;
25/05/2020;maringa;joao braulio wagner filho;60;M;NAO;NAO;25/05/2020;reagente;
02/05/2020;maringa;joao guilherme secato;30;M;NAO;NAO;20/04/2020;reagente;
22/05/2020;maringa;joao guilherme siqueira da silva;23;M;NAO;NAO;22/05/2020;coronavi­rus (sars-cov2);
22/06/2020;maringa;joao henrique;59;M;NAO;NAO;16/06/2020;coronavi­rus (sars-cov2);
15/06/2020;maringa;joao ivaldo favaro;75;M;NAO;NAO;17/06/2020;coronavi­rus (sars-cov2);
15/05/2020;maringa;joao lucas costa pereira;5;M;NAO;NAO;15/05/2020;coronavi­rus (sars-cov2);
12/05/2020;maringa;joao nicolau chrun;60;M;SIM;NAO;09/05/2020;reagente;
11/06/2020;maringa;joao ramos pires;52;M;NAO;SIM;06/04/2020;coronavi­rus (sars-cov2);
03/06/2020;maringa;joao victor aires campiolo;22;M;NAO;NAO;02/06/2020;coronavi­rus (sars-cov2);
27/03/2020;maringa;joao weiller;62;M;NAO;NAO;27/03/2020;coronavi­rus (sars-cov2);
07/06/2020;maringa;joaquim luiz moreira;66;M;SIM;SIM;07/06/2020;coronavi­rus (sars-cov2);
20/05/2020;maringa;joaquim miyamoto messias;2;M;NAO;NAO;20/05/2020;coronavi­rus (sars-cov2);
09/04/2020;maringa;joelma maciel murta guimaraes;52;F;NAO;NAO;09/04/2020;coronavi­rus (sars-cov2);
12/06/2020;maringa;johnatan fantachole moreira;33;M;NAO;NAO;12/06/2020;reagente;
29/04/2020;maringa;jonas barcellos de oliveira;37;M;NAO;NAO;23/04/2020;coronavi­rus (sars-cov2);
31/05/2020;maringa;jorge francisco da silveira;86;M;NAO;NAO;31/05/2020;coronavi­rus (sars-cov2);
05/06/2020;maringa;jorge goncalves de oliveira;54;M;NAO;NAO;05/06/2020;coronavi­rus (sars-cov2);
26/05/2020;maringa;jormelice izabel maesta pardo souza;42;F;NAO;NAO;26/05/2020;coronavi­rus (sars-cov2);
10/06/2020;maringa;josã‰ araujo pereira junior;42;M;NAO;NAO;11/06/2020;coronavi­rus (sars-cov2);
13/06/2020;maringa;jose adair cardoso;47;M;NAO;NAO;11/06/2020;coronavi­rus (sars-cov2);
20/06/2020;maringa;jose antonio dena;52;M;SIM;NAO;19/06/2020;coronavi­rus (sars-cov2);
16/06/2020;maringa;jose carlos correa de mello;24;M;NAO;NAO;09/06/2020;coronavi­rus (sars-cov2);
21/06/2020;maringa;jose carlos dos passos;60;M;NAO;NAO;18/06/2020;coronavi­rus (sars-cov2);
14/06/2020;maringa;jose carlos ercoles;64;M;NAO;NAO;14/06/2020;coronavi­rus (sars-cov2);
19/05/2020;maringa;jose carlos gusmao;54;M;NAO;NAO;19/05/2020;coronavi­rus (sars-cov2);
12/06/2020;maringa;jose carlos lansone;60;M;NAO;NAO;11/06/2020;coronavi­rus (sars-cov2);
15/05/2020;maringa;jose carlos pinheiro;52;M;SIM;NAO;13/05/2020;coronavi­rus (sars-cov2);
10/06/2020;maringa;jose do carmo ribeiro;63;M;NAO;NAO;09/06/2020;coronavi­rus (sars-cov2);
30/03/2020;maringa;jose eudes januario;58;M;NAO;NAO;31/03/2020;coronavi­rus (sars-cov2);
25/03/2020;maringa;jose francisco oliveira da silva;63;M;NAO;NAO;23/03/2020;coronavi­rus (sars-cov2);
10/05/2020;maringa;jose goncalves de sales;60;M;NAO;NAO;11/05/2020;coronavi­rus (sars-cov2);
24/03/2020;maringa;jose gonzales sendeski;37;M;SIM;NAO;24/03/2020;coronavi­rus (sars-cov2);
17/06/2020;maringa;jose jacinto ferreira;48;M;NAO;NAO;16/06/2020;coronavi­rus (sars-cov2);
18/06/2020;maringa;jose lemes da silva;50;M;NAO;NAO;16/06/2020;coronavi­rus (sars-cov2);
15/06/2020;maringa;jose martinez;58;M;NAO;SIM;15/06/2020;coronavi­rus (sars-cov2);
05/06/2020;maringa;jose mauricio passarela;52;M;NAO;NAO;04/06/2020;coronavi­rus (sars-cov2);
18/05/2020;maringa;jose rodolfo de quadros;29;M;NAO;NAO;18/05/2020;coronavi­rus (sars-cov2);
09/06/2020;maringa;jose rubens abrao;55;M;NAO;NAO;04/06/2020;coronavi­rus (sars-cov2);
19/06/2020;maringa;jose valdecir priuli;62;M;NAO;NAO;19/06/2020;comfirmado;
11/06/2020;maringa;jose valdir de paula;47;M;NAO;NAO;10/06/2020;coronavi­rus (sars-cov2);
04/06/2020;maringa;jose vicentin;68;M;NAO;NAO;03/06/2020;coronavi­rus (sars-cov2);
25/05/2020;maringa;jose vinicius de souza;25;M;NAO;NAO;25/05/2020;coronavi­rus (sars-cov2);
11/06/2020;maringa;jose vitor ferreira aguiar da silva;29;M;NAO;NAO;10/06/2020;coronavi­rus (sars-cov2);
16/06/2020;maringa;josemara bastos santos;44;F;NAO;NAO;17/06/2020;coronavi­rus (sars-cov2);
20/05/2020;maringa;joseph wilkens germain;44;M;NAO;NAO;17/05/2020;coronavi­rus (sars-cov2);
18/05/2020;maringa;josiane aparecida da silva;31;F;NAO;NAO;18/05/2020;coronavi­rus (sars-cov2);
09/06/2020;maringa;josiane cristina pinto;34;F;NAO;NAO;07/06/2020;coronavi­rus (sars-cov2);
20/05/2020;maringa;josiane rodrigues mirapalheta;60;F;NAO;NAO;20/05/2020;coronavi­rus (sars-cov2);
12/06/2020;maringa;josiane sedano cavalari ferrar;36;F;NAO;NAO;10/06/2020;coronavi­rus (sars-cov2);
28/05/2020;maringa;josimar sales beserra;48;M;NAO;NAO;28/05/2020;coronavi­rus (sars-cov2);
22/04/2020;maringa;jovancir junior severino;42;F;NAO;NAO;16/04/2020;coronavi­rus (sars-cov2);
18/06/2020;maringa;joyce caroline guedes mello;19;F;NAO;NAO;17/06/2020;coronavi­rus (sars-cov2);
07/06/2020;maringa;juarez macena da silva;73;M;NAO;NAO;05/06/2020;coronavi­rus (sars-cov2);
13/06/2020;maringa;jucelia aparecida da luz costa;50;F;NAO;NAO;15/06/2020;coronavi­rus (sars-cov2);
10/06/2020;maringa;julia de souza oliveira;13;F;NAO;NAO;10/06/2020;coronavi­rus (sars-cov2);
20/05/2020;maringa;julia foppa dos santos;10;F;NAO;NAO;20/05/2020;coronavi­rus (sars-cov2);
01/06/2020;maringa;julia maria campos;24;F;NAO;NAO;31/05/2020;coronavi­rus (sars-cov2);
18/05/2020;maringa;julia vitoria mioti de freitas;13;F;NAO;NAO;18/05/2020;coronavi­rus (sars-cov2);
30/05/2020;maringa;juliana aparecida vieira;35;F;NAO;NAO;29/05/2020;coronavi­rus (sars-cov2);
17/06/2020;maringa;juliana bossoni;33;F;NAO;NAO;16/06/2020;reagente;
29/05/2020;maringa;juliana de deus vinholi tebinka;24;F;NAO;NAO;29/05/2020;coronavi­rus (sars-cov2);
14/06/2020;maringa;juliana proencio anois;20;F;NAO;NAO;15/06/2020;coronavi­rus (sars-cov2);
12/06/2020;maringa;juliana sartorio mezavilla;27;F;NAO;NAO;13/06/2020;coronavi­rus (sars-cov2);
05/06/2020;maringa;juliane almeida da rocha;28;F;NAO;NAO;02/06/2020;coronavi­rus (sars-cov2);
15/06/2020;maringa;juliane dos reis;25;F;NAO;NAO;12/06/2020;coronavi­rus (sars-cov2);
13/06/2020;maringa;juliane vanessa moraes de aguiar;32;F;NAO;NAO;12/06/2020;coronavi­rus (sars-cov2);
31/03/2020;maringa;juliano de paula santos;45;M;NAO;NAO;31/03/2020;coronavi­rus (sars-cov2);
09/06/2020;maringa;juliano fabricio dos santos neto;37;M;NAO;NAO;08/06/2020;coronavi­rus (sars-cov2);
05/06/2020;maringa;julio cesar finoto;38;M;NAO;NAO;03/06/2020;coronavi­rus (sars-cov2);
05/05/2020;maringa;julio tadashi tomita;36;M;NAO;NAO;28/04/2020;reagente;
08/06/2020;maringa;junior cesar chita;32;M;NAO;NAO;07/06/2020;coronavi­rus (sars-cov2);
13/06/2020;maringa;juraci soares pereira;74;F;NAO;NAO;13/06/2020;coronavi­rus (sars-cov2);
11/06/2020;maringa;karen toshiko unaya;33;F;NAO;NAO;13/06/2020;coronavi­rus (sars-cov2);
01/06/2020;maringa;karina de fatima benevento;35;F;NAO;NAO;31/05/2020;coronavi­rus (sars-cov2);
17/05/2020;maringa;karina silva de souza;30;F;NAO;NAO;17/05/2020;coronavi­rus (sars-cov2);
27/04/2020;maringa;katia cristiane machado;43;F;NAO;NAO;30/04/2020;coronavi­rus (sars-cov2);
30/03/2020;maringa;katy kuhne andrade;47;F;NAO;NAO;30/03/2020;coronavi­rus (sars-cov2);
05/06/2020;maringa;keegan adryan garcia;25;M;NAO;NAO;05/06/2020;coronavi­rus (sars-cov2);
13/05/2020;maringa;kelen silva de oliveira;40;F;NAO;NAO;15/05/2020;coronavi­rus (sars-cov2);
25/05/2020;maringa;keli conceicao campana russo scalco;41;F;NAO;NAO;25/05/2020;reagente;
13/05/2020;maringa;kellen cristiane ramos garcia;46;F;NAO;NAO;12/05/2020;coronavi­rus (sars-cov2);
15/06/2020;maringa;kelly cristina de oliveira;40;F;NAO;NAO;13/06/2020;coronavi­rus (sars-cov2);
20/05/2020;maringa;kelly patricia cardoso chagas;38;F;NAO;NAO;18/05/2020;coronavi­rus (sars-cov2);
15/06/2020;maringa;kelly priscila teixeira cargni;34;F;NAO;NAO;15/06/2020;coronavi­rus (sars-cov2);
12/06/2020;maringa;ketlen marques carvalho brito;24;F;NAO;NAO;13/06/2020;coronavi­rus (sars-cov2);
17/05/2020;maringa;keuly marques;24;F;NAO;NAO;17/05/2020;coronavi­rus (sars-cov2);
18/06/2020;maringa;lair marini junior;43;M;NAO;NAO;16/06/2020;coronavi­rus (sars-cov2);
19/06/2020;maringa;larissa gabrielly iensen dos santos;13;F;NAO;NAO;18/06/2020;coronavi­rus (sars-cov2);
08/06/2020;maringa;laudicieia duarte;41;F;NAO;NAO;07/06/2020;coronavi­rus (sars-cov2);
03/06/2020;maringa;laurevane gomes petta;42;F;NAO;NAO;02/06/2020;coronavi­rus (sars-cov2);
07/06/2020;maringa;leandro bernardo velozo;36;M;NAO;NAO;10/06/2020;coronavi­rus (sars-cov2);
04/06/2020;maringa;leandro henrique pedralli;26;M;NAO;NAO;04/06/2020;coronavi­rus (sars-cov2);
14/06/2020;maringa;leandro vilas boas viotto;42;M;SIM;NAO;13/06/2020;coronavi­rus (sars-cov2);
09/06/2020;maringa;lenilda miguel dos santos;55;F;NAO;NAO;07/06/2020;coronavi­rus (sars-cov2);
20/05/2020;maringa;leonardo candido ionella;22;M;NAO;NAO;20/05/2020;coronavi­rus (sars-cov2);
10/06/2020;maringa;leonardo estevam flausino;27;M;NAO;NAO;09/06/2020;coronavi­rus (sars-cov2);
19/06/2020;maringa;leonardo gimenes do carmo;24;M;NAO;NAO;18/06/2020;coronavi­rus (sars-cov2);
15/06/2020;maringa;leonice da silva alencar;44;F;NAO;NAO;17/06/2020;coronavi­rus (sars-cov2);
09/06/2020;maringa;leonilda sebastiana santana;57;F;NAO;NAO;08/06/2020;coronavi­rus (sars-cov2);
15/05/2020;maringa;leonora aparecida da silva;55;F;NAO;NAO;15/05/2020;coronavi­rus (sars-cov2);
26/05/2020;maringa;leticia asinelli matos;31;F;SIM;NAO;26/05/2020;reagente;
09/06/2020;maringa;leticia caroline andre;24;F;NAO;NAO;08/06/2020;coronavi­rus (sars-cov2);
07/06/2020;maringa;leticia de matos lira;24;F;NAO;NAO;06/06/2020;coronavi­rus (sars-cov2);
17/06/2020;maringa;leticia micaela rodrigues de carvalho;23;F;NAO;NAO;16/06/2020;coronavi­rus (sars-cov2);
02/06/2020;maringa;leticia pereira barbosa oliveira;28;F;NAO;NAO;02/06/2020;coronavi­rus (sars-cov2);
15/06/2020;maringa;lidia martins stanoga;51;F;NAO;NAO;16/06/2020;coronavi­rus (sars-cov2);
04/06/2020;maringa;lilian maria simãƒo pinto;46;F;NAO;NAO;03/06/2020;coronavi­rus (sars-cov2);
19/06/2020;maringa;lis dutra;0;F;NAO;NAO;17/06/2020;coronavi­rus (sars-cov2);
28/04/2020;maringa;lisley maria messias da silva;56;F;NAO;NAO;18/04/2020;reagente;
09/06/2020;maringa;livia tozzo rocha;12;F;NAO;NAO;09/06/2020;coronavi­rus (sars-cov2);
22/05/2020;maringa;lohrayne de paula borges;30;F;NAO;NAO;27/05/2020;coronavi­rus (sars-cov2);
23/04/2020;maringa;lorena lima gargaro;27;F;NAO;NAO;22/04/2020;reagente;
14/05/2020;maringa;lorenzo garcia da silva;0;M;NAO;NAO;14/05/2020;coronavi­rus (sars-cov2);
17/06/2020;maringa;lorraine da silva pinto;21;F;NAO;NAO;16/06/2020;coronavi­rus (sars-cov2);
01/06/2020;maringa;lourdes gremaschi sena;57;F;NAO;NAO;01/06/2020;coronavi­rus (sars-cov2);
15/06/2020;maringa;luana  nery;16;F;NAO;NAO;14/06/2020;coronavi­rus (sars-cov2);
09/06/2020;maringa;luanna de carli da silva;26;F;NAO;NAO;10/06/2020;coronavi­rus (sars-cov2);
30/03/2020;maringa;lucas andreani penha;24;M;NAO;NAO;21/03/2020;coronavi­rus (sars-cov2);
05/06/2020;maringa;lucas campanini mondini nunes;24;M;NAO;NAO;03/06/2020;reagente;
09/06/2020;maringa;lucas dos santos gueiros;21;M;NAO;NAO;11/06/2020;coronavi­rus (sars-cov2);
04/06/2020;maringa;lucas dos santos molina;25;M;NAO;NAO;03/06/2020;coronavi­rus (sars-cov2);
18/06/2020;maringa;lucas frares;29;M;NAO;NAO;17/06/2020;coronavi­rus (sars-cov2);
08/06/2020;maringa;lucas henrique tomaz;28;M;NAO;NAO;07/06/2020;coronavi­rus (sars-cov2);
19/06/2020;maringa;lucas mendes;38;M;NAO;NAO;15/06/2020;coronavi­rus (sars-cov2);
04/06/2020;maringa;lucas nunes vasconcelos;20;M;NAO;NAO;03/06/2020;coronavi­rus (sars-cov2);
19/05/2020;maringa;lucas rigoldi demarchi;1;M;NAO;NAO;19/05/2020;coronavi­rus (sars-cov2);
18/06/2020;maringa;lucas salem vedovello;26;M;NAO;NAO;17/06/2020;coronavi­rus (sars-cov2);
01/06/2020;maringa;lucas vinicius de oliveira favaro;18;M;NAO;NAO;02/06/2020;coronavi­rus (sars-cov2);
11/06/2020;maringa;luccas silva ribeiro;2;M;NAO;NAO;10/06/2020;coronavi­rus (sars-cov2);
13/06/2020;maringa;lucelia aparecida rodrigues colucci;61;F;NAO;NAO;12/06/2020;coronavi­rus (sars-cov2);
16/06/2020;maringa;lucia da silva;50;F;NAO;NAO;14/06/2020;coronavi­rus (sars-cov2);
10/06/2020;maringa;lucia valderrama robin;58;F;NAO;NAO;09/06/2020;coronavi­rus (sars-cov2);
15/06/2020;maringa;luciana bertolla bueno;42;F;NAO;NAO;14/06/2020;coronavi­rus (sars-cov2);
16/06/2020;maringa;luciana correa rocha andreucci;47;F;NAO;NAO;15/06/2020;coronavi­rus (sars-cov2);
24/05/2020;maringa;luciana freitas de andrade;33;F;NAO;NAO;22/05/2020;coronavi­rus (sars-cov2);
18/06/2020;maringa;luciana gimenez dos santos;42;F;NAO;NAO;18/06/2020;reagente;
26/05/2020;maringa;luciani aparecida vinholi;52;F;NAO;NAO;26/05/2020;coronavi­rus (sars-cov2);
23/05/2020;maringa;luciano costa de andrade;65;M;NAO;NAO;23/05/2020;reagente;
23/05/2020;maringa;luciano ricardo de oliveira mendes;47;M;NAO;NAO;23/05/2020;coronavi­rus (sars-cov2);
09/06/2020;maringa;luciara cerqueira soares;32;F;NAO;NAO;07/06/2020;coronavi­rus (sars-cov2);
07/06/2020;maringa;lucidalva correia dos santos;56;F;NAO;NAO;06/06/2020;coronavi­rus (sars-cov2);
05/06/2020;maringa;lucimara maria da silva;35;F;NAO;NAO;04/06/2020;coronavi­rus (sars-cov2);
05/06/2020;maringa;luis carlos fumio yamamoto;59;M;NAO;NAO;03/06/2020;coronavi­rus (sars-cov2);
08/06/2020;maringa;luis henrique francisco mariano;34;M;NAO;NAO;10/06/2020;coronavi­rus (sars-cov2);
18/06/2020;maringa;luisserry zafalon;26;F;NAO;NAO;18/06/2020;coronavi­rus (sars-cov2);
06/05/2020;maringa;luiz antonio capelato;70;M;NAO;NAO;04/05/2020;reagente;
08/06/2020;maringa;luiz augusto belai;24;M;NAO;NAO;07/06/2020;coronavi­rus (sars-cov2);
20/05/2020;maringa;luiz boligon;68;M;NAO;NAO;17/05/2020;coronavi­rus (sars-cov2);
13/06/2020;maringa;luiz carlos de azevedo;47;M;NAO;NAO;14/06/2020;coronavi­rus (sars-cov2);
08/06/2020;maringa;luiz carlos dos santos felipe;54;M;NAO;NAO;08/06/2020;coronavi­rus (sars-cov2);
27/04/2020;maringa;luiz carlos kruli;68;M;NAO;NAO;06/04/2020;coronavi­rus (sars-cov2);
17/06/2020;maringa;luiz felipe dos passos esperanca;12;M;SIM;NAO;15/06/2020;coronavi­rus (sars-cov2);
09/06/2020;maringa;luiz fernando menegaz;41;M;NAO;NAO;08/06/2020;coronavi­rus (sars-cov2);
19/06/2020;maringa;luiz gustavo dos santos;31;M;NAO;NAO;19/06/2020;coronavi­rus (sars-cov2);
08/05/2020;maringa;luiz gustavo martins fernandes;25;M;NAO;NAO;08/05/2020;coronavi­rus (sars-cov2);
08/06/2020;maringa;luiz henrique de oliveira;21;M;NAO;NAO;07/06/2020;coronavi­rus (sars-cov2);
11/06/2020;maringa;luiz henrique de oliveira ghizellini;11;M;NAO;NAO;11/06/2020;coronavi­rus (sars-cov2);
27/05/2020;maringa;luiz joaquim adevaldo amichi;23;M;NAO;NAO;28/05/2020;coronavi­rus (sars-cov2);
17/06/2020;maringa;luiz tiago pinto;73;M;NAO;NAO;18/06/2020;coronavi­rus (sars-cov2);
04/06/2020;maringa;luiz vieira filho;86;M;NAO;NAO;03/06/2020;coronavi­rus (sars-cov2);
09/06/2020;maringa;luiza rocha oliveira;8;F;NAO;NAO;08/06/2020;coronavi­rus (sars-cov2);
07/06/2020;maringa;luiza tamie tsuneto;64;F;NAO;NAO;06/06/2020;reagente;
01/06/2020;maringa;luz angela taborda gil;48;F;NAO;NAO;02/06/2020;coronavi­rus (sars-cov2);
03/06/2020;maringa;luzia figuiredo de souza;47;F;NAO;NAO;02/06/2020;coronavi­rus (sars-cov2);
12/03/2020;maringa;luzinete candida martins;46;F;NAO;NAO;12/03/2020;coronavi­rus (sars-cov2);
11/06/2020;maringa;magda cristina da silva vicente;28;F;NAO;NAO;11/06/2020;coronavi­rus (sars-cov2);
19/05/2020;maringa;maiara ricci;24;F;NAO;NAO;19/05/2020;coronavi­rus (sars-cov2);
18/06/2020;maringa;manoel ferreira neto;55;M;NAO;NAO;17/06/2020;coronavi­rus (sars-cov2);
18/06/2020;maringa;manoel malaquias ribeiro;27;M;NAO;NAO;17/06/2020;coronavi­rus (sars-cov2);
10/06/2020;maringa;manoel viana dos santos;82;M;NAO;NAO;11/06/2020;coronavi­rus (sars-cov2);
17/05/2020;maringa;manoela caroline pinheiro da costa;26;F;NAO;NAO;17/05/2020;coronavi­rus (sars-cov2);
12/06/2020;maringa;marcela cristina da silva;38;F;NAO;NAO;10/06/2020;coronavi­rus (sars-cov2);
11/06/2020;maringa;marcelo almeida carvalho;35;M;SIM;NAO;11/06/2020;coronavi­rus (sars-cov2);
11/06/2020;maringa;marcelo contiero;37;M;NAO;NAO;10/06/2020;coronavi­rus (sars-cov2);
13/06/2020;maringa;marcelo corcete;46;M;NAO;NAO;17/06/2020;reagente;
09/06/2020;maringa;marcelo ferraresi junior;23;M;NAO;NAO;08/06/2020;coronavi­rus (sars-cov2);
12/06/2020;maringa;marcelo matos da silva;42;M;SIM;NAO;12/06/2020;coronavi­rus (sars-cov2);
17/06/2020;maringa;marcelo nascimento da silva;29;M;NAO;NAO;16/06/2020;coronavi­rus (sars-cov2);
14/05/2020;maringa;marcelo rosa da silva;42;M;NAO;NAO;14/05/2020;coronavi­rus (sars-cov2);
11/06/2020;maringa;marcia a da silva;52;F;NAO;NAO;14/06/2020;coronavi­rus (sars-cov2);
14/05/2020;maringa;marcia cristina do nascimento;45;F;NAO;NAO;14/05/2020;coronavi­rus (sars-cov2);
28/05/2020;maringa;marcia dos santos fernandes pereira;49;F;NAO;NAO;28/05/2020;coronavi­rus (sars-cov2);
24/04/2020;maringa;marcia helena sala de campos;46;F;NAO;NAO;24/04/2020;reagente;
18/06/2020;maringa;marcia pires de lemos;53;F;NAO;NAO;17/06/2020;coronavi­rus (sars-cov2);
10/06/2020;maringa;marcia valeria nicoletti;39;F;NAO;NAO;11/06/2020;coronavi­rus (sars-cov2);
07/06/2020;maringa;marcilio kleme franco;43;M;NAO;NAO;06/06/2020;coronavi­rus (sars-cov2);
20/06/2020;maringa;marcio aparecido de oliveira;56;M;NAO;NAO;19/06/2020;coronavi­rus (sars-cov2);
29/04/2020;maringa;marcio da silva cardoso;42;M;NAO;NAO;29/04/2020;reagente;
13/05/2020;maringa;marcio gonzales sandeski;37;M;NAO;NAO;12/05/2020;reagente;
04/06/2020;maringa;marcio grauman;61;M;NAO;NAO;03/06/2020;coronavi­rus (sars-cov2);
17/06/2020;maringa;marcio nardeli;37;F;NAO;NAO;16/06/2020;coronavi­rus (sars-cov2);
14/06/2020;maringa;marcio toledo rodrigues;58;M;NAO;NAO;13/06/2020;coronavi­rus (sars-cov2);
16/06/2020;maringa;marco aurelio marques de almeida;39;M;NAO;NAO;16/06/2020;coronavi­rus (sars-cov2);
16/06/2020;maringa;marcos antonio estevanato dos santos;41;M;NAO;NAO;15/06/2020;reagente;
22/04/2020;maringa;marcos cesar marcantonio;54;M;SIM;NAO;16/04/2020;reagente;
03/06/2020;maringa;marcos johny gustavo;31;M;NAO;NAO;03/06/2020;coronavi­rus (sars-cov2);
05/06/2020;maringa;marcos paulo ferrari;35;M;NAO;NAO;05/06/2020;coronavi­rus (sars-cov2);
14/06/2020;maringa;marcus roberto andreucci;49;M;NAO;NAO;14/06/2020;coronavi­rus (sars-cov2);
16/06/2020;maringa;margarete aparecida dos santos;52;F;NAO;NAO;11/06/2020;reagente;
23/04/2020;maringa;maria amanda queiroz pereira;64;M;NAO;NAO;07/05/2020;coronavi­rus (sars-cov2);
19/06/2020;maringa;maria amelia ferreira;72;F;NAO;NAO;18/06/2020;coronavi­rus (sars-cov2);
17/05/2020;maringa;maria aparecida canato miessa;61;F;NAO;NAO;17/05/2020;coronavi­rus (sars-cov2);
07/06/2020;maringa;maria aparecida correa chain;63;F;NAO;NAO;06/06/2020;coronavi­rus (sars-cov2);
06/06/2020;maringa;maria aparecida da silva de souza;60;F;NAO;NAO;05/06/2020;coronavi­rus (sars-cov2);
16/06/2020;maringa;maria aparecida de oliveira unaya;58;F;NAO;NAO;14/06/2020;coronavi­rus (sars-cov2);
16/05/2020;maringa;maria aparecida neckel;64;F;NAO;NAO;16/05/2020;coronavi­rus (sars-cov2);
02/05/2020;maringa;maria aparecida rodrigues mess;50;F;NAO;NAO;05/05/2020;reagente;
05/06/2020;maringa;maria aparecida staut martinato;68;F;NAO;NAO;08/06/2020;reagente;
11/06/2020;maringa;maria aparecida toschi maganha;67;F;NAO;NAO;11/06/2020;coronavi­rus (sars-cov2);
08/06/2020;maringa;maria assuncion diaz martienz rocha;55;F;NAO;NAO;07/04/2020;reagente;
16/06/2020;maringa;maria carolina segatto mazzo trindade;36;F;NAO;NAO;16/06/2020;coronavi­rus (sars-cov2);
18/05/2020;maringa;maria celia conceicao dos santos;63;F;NAO;NAO;18/05/2020;coronavi­rus (sars-cov2);
11/06/2020;maringa;maria clara ayres de oliveira ghizellini;7;F;NAO;NAO;11/06/2020;coronavi­rus (sars-cov2);
16/06/2020;maringa;maria darlyene de pdua teodoro;19;F;NAO;NAO;15/06/2020;coronavi­rus (sars-cov2);
31/05/2020;maringa;maria de lourdes da silva santos;49;F;NAO;NAO;01/06/2020;coronavi­rus (sars-cov2);
04/06/2020;maringa;maria divanil morigi costa;65;F;NAO;NAO;04/06/2020;coronavi­rus (sars-cov2);
15/06/2020;maringa;maria do carmo ferreira;56;F;NAO;NAO;15/06/2020;coronavi­rus (sars-cov2);
09/06/2020;maringa;maria eduarda dos santos mariano;20;F;NAO;NAO;13/03/2020;coronavi­rus (sars-cov2);
30/05/2020;maringa;maria eduarda josina campos;4;F;NAO;NAO;30/05/2020;coronavi­rus (sars-cov2);
11/06/2020;maringa;maria elena velozo;59;F;NAO;NAO;13/06/2020;coronavi­rus (sars-cov2);
17/06/2020;maringa;maria helena frei capobianco;55;F;NAO;NAO;16/06/2020;negativo;
08/06/2020;maringa;maria izabel sanches inacio;40;F;NAO;NAO;07/06/2020;coronavi­rus (sars-cov2);
19/06/2020;maringa;maria lucia da silva santana;45;F;NAO;NAO;18/06/2020;reagente;
07/06/2020;maringa;maria lucia dos anjos almeida;58;F;NAO;NAO;06/06/2020;coronavi­rus (sars-cov2);
07/06/2020;maringa;maria lucia dos santos;45;F;NAO;NAO;06/06/2020;coronavi­rus (sars-cov2);
16/06/2020;maringa;maria lucinete sifuentes;58;F;SIM;NAO;16/06/2020;reagente;
27/04/2020;maringa;maria luiza feitosa zanfolin;56;F;SIM;NAO;27/04/2020;coronavi­rus (sars-cov2);
25/05/2020;maringa;maria marcia menon conti;54;F;NAO;NAO;25/05/2020;reagente;
17/06/2020;maringa;maria pereira da rocha;53;F;SIM;NAO;16/06/2020;coronavi­rus (sars-cov2);
28/05/2020;maringa;maria rita maesta souza;8;F;NAO;NAO;28/05/2020;coronavi­rus (sars-cov2);
04/06/2020;maringa;maria rita ribeiro salgado de morais;54;F;NAO;NAO;05/06/2020;coronavi­rus (sars-cov2);
12/06/2020;maringa;maria sales panot;72;F;NAO;NAO;12/06/2020;coronavi­rus (sars-cov2);
18/06/2020;maringa;maria solange ferreira;53;F;NAO;NAO;17/06/2020;coronavi­rus (sars-cov2);
30/04/2020;maringa;mariana da silva mariani;10;F;NAO;NAO;30/04/2020;coronavi­rus (sars-cov2);
03/06/2020;maringa;mariana de almeida ribeiro paiva;30;F;NAO;NAO;03/06/2020;coronavi­rus (sars-cov2);
13/06/2020;maringa;mariana fugencio da silva;22;F;NAO;NAO;09/06/2020;coronavi­rus (sars-cov2);
31/05/2020;maringa;mariana sampaio de castilho;10;F;NAO;NAO;01/06/2020;coronavi­rus (sars-cov2);
02/06/2020;maringa;mariana schiavon fuser;28;F;NAO;NAO;31/05/2020;coronavi­rus (sars-cov2);
17/06/2020;maringa;mariany  santos minhoto;27;F;NAO;NAO;12/06/2020;coronavi­rus (sars-cov2);
14/05/2020;maringa;marileide de almeida lugarezi;53;F;NAO;NAO;04/05/2020;coronavi­rus (sars-cov2);
11/06/2020;maringa;marilete gomes;50;F;NAO;NAO;11/06/2020;coronavi­rus (sars-cov2);
17/06/2020;maringa;marilia capobianco;30;F;SIM;NAO;16/06/2020;reagente;
18/06/2020;maringa;marilim meire cotrin ferro araujo;44;F;NAO;NAO;18/06/2020;reagente;
14/06/2020;maringa;marina mariza de oliveira;58;F;NAO;NAO;13/06/2020;coronavi­rus (sars-cov2);
06/06/2020;maringa;marines oliveira dos santos;49;F;NAO;NAO;06/06/2020;coronavi­rus (sars-cov2);
27/05/2020;maringa;marineusa aparecida victolo biasotto;54;F;NAO;NAO;28/05/2020;coronavi­rus (sars-cov2);
08/06/2020;maringa;mario cazangi sobrinho;68;M;NAO;NAO;05/06/2020;reagente;
18/06/2020;maringa;marlene de souza perin;51;F;NAO;NAO;17/06/2020;reagente;
15/06/2020;maringa;marlene mendes;48;F;NAO;NAO;15/06/2020;coronavi­rus (sars-cov2);
12/06/2020;maringa;marlene sartorio;56;F;NAO;NAO;13/06/2020;coronavi­rus (sars-cov2);
20/06/2020;maringa;marlene vicentin ferreira;43;F;NAO;NAO;18/06/2020;coronavi­rus (sars-cov2);
20/05/2020;maringa;marlene xavier padro de oliveira;50;F;NAO;NAO;17/05/2020;coronavi­rus (sars-cov2);
05/06/2020;maringa;marli aparecida dos santos;52;F;NAO;NAO;06/06/2020;coronavi­rus (sars-cov2);
22/05/2020;maringa;marli aparecida joaquim balan;45;F;NAO;NAO;22/05/2020;coronavi­rus (sars-cov2);
11/06/2020;maringa;marli bozi pereira;55;F;NAO;NAO;13/06/2020;coronavi­rus (sars-cov2);
25/05/2020;maringa;marli de fatima silveira corsi;47;F;NAO;NAO;25/05/2020;reagente;
02/04/2020;maringa;marli maciel de campos;78;F;NAO;NAO;02/04/2020;coronavi­rus (sars-cov2);
01/06/2020;maringa;marlon felipe schultze;32;M;NAO;NAO;31/05/2020;coronavi­rus (sars-cov2);
29/05/2020;maringa;marlon figueiredo rocha;57;M;NAO;NAO;09/06/2020;coronavi­rus (sars-cov2);
07/06/2020;maringa;marly benicio dos santos;47;F;NAO;NAO;05/06/2020;coronavi­rus (sars-cov2);
15/06/2020;maringa;matheus fernandes caregnato;0;M;NAO;NAO;14/06/2020;coronavi­rus (sars-cov2);
18/06/2020;maringa;matheus henrique de almeida;1;M;NAO;NAO;17/06/2020;coronavi­rus (sars-cov2);
04/06/2020;maringa;matheus luiz proenã‡a da silva;20;M;NAO;NAO;03/06/2020;coronavi­rus (sars-cov2);
30/04/2020;maringa;matheus rodrigo siqueira babuja;20;M;SIM;NAO;30/04/2020;coronavi­rus (sars-cov2);
21/05/2020;maringa;matilde maria meneguetti hungaro;61;F;SIM;NAO;22/05/2020;reagente;
17/06/2020;maringa;mauricio medeiros lemos;29;M;NAO;NAO;16/06/2020;reagente;
07/06/2020;maringa;mayara de queiroz chopek;1;F;NAO;NAO;06/06/2020;coronavi­rus (sars-cov2);
09/06/2020;maringa;mayara lays nardin;26;F;NAO;NAO;08/06/2020;coronavi­rus (sars-cov2);
15/06/2020;maringa;maycon junior da silva;36;M;NAO;NAO;15/06/2020;coronavi­rus (sars-cov2);
17/05/2020;maringa;maylla carvalho cipriano;19;F;NAO;NAO;18/05/2020;coronavi­rus (sars-cov2);
02/06/2020;maringa;meire aparecida borri de souza;53;F;NAO;NAO;01/06/2020;coronavi­rus (sars-cov2);
16/06/2020;maringa;melina almeida slemer lemos;35;F;NAO;NAO;16/06/2020;coronavi­rus (sars-cov2);
17/06/2020;maringa;michel marques da silva;34;M;NAO;NAO;15/06/2020;coronavi­rus (sars-cov2);
17/06/2020;maringa;michele marques da silva;37;F;NAO;NAO;15/06/2020;coronavi­rus (sars-cov2);
15/06/2020;maringa;michelle brustolin de haro;32;F;NAO;NAO;17/06/2020;reagente;
04/06/2020;maringa;michelle joaquim parise;24;F;NAO;NAO;04/06/2020;coronavi­rus (sars-cov2);
27/05/2020;maringa;miguel freitas de andrade;3;M;NAO;NAO;25/05/2020;coronavi­rus (sars-cov2);
06/06/2020;maringa;mila thais da silva;24;F;NAO;NAO;10/06/2020;coronavi­rus (sars-cov2);
06/06/2020;maringa;mildres cristina silva;44;F;NAO;NAO;05/06/2020;coronavi­rus (sars-cov2);
21/05/2020;maringa;milena gerez robles bergantini;49;F;NAO;NAO;22/05/2020;coronavi­rus (sars-cov2);
17/06/2020;maringa;milena mendes da silveira;14;F;NAO;NAO;16/06/2020;coronavi­rus (sars-cov2);
28/05/2020;maringa;milton felix dos santos;70;M;NAO;NAO;28/05/2020;coronavi­rus (sars-cov2);
11/06/2020;maringa;miria freitas gonã‡alves;20;F;NAO;NAO;11/06/2020;coronavi­rus (sars-cov2);
22/05/2020;maringa;mirian regina de sales ferreira;32;F;NAO;NAO;22/05/2020;reagente;
20/05/2020;maringa;miriane alino garcia;34;F;NAO;NAO;21/05/2020;coronavi­rus (sars-cov2);
09/06/2020;maringa;moacir sanches giarola;47;M;NAO;NAO;09/06/2020;reagente;
19/06/2020;maringa;moises colucci;64;M;NAO;NAO;18/06/2020;coronavi­rus (sars-cov2);
04/06/2020;maringa;monike de carvalho fereira;40;F;NAO;NAO;03/06/2020;coronavi­rus (sars-cov2);
06/06/2020;maringa;mouad seghiouer;26;M;NAO;NAO;06/06/2020;coronavi­rus (sars-cov2);
15/05/2020;maringa;naila canato mussa barreto;36;F;NAO;NAO;15/05/2020;coronavi­rus (sars-cov2);
14/06/2020;maringa;nara ivone merini de carvalho;52;F;SIM;NAO;13/06/2020;reagente;
04/06/2020;maringa;natalia cristina nunes dos santos;29;F;NAO;NAO;02/06/2020;coronavi­rus (sars-cov2);
05/06/2020;maringa;natalia dellio ferim;34;F;NAO;NAO;05/06/2020;coronavi­rus (sars-cov2);
28/04/2020;maringa;natalia hrecek miranda fialho;31;F;NAO;NAO;20/04/2020;reagente;
11/06/2020;maringa;nathali caroline palhari lira;20;F;NAO;NAO;11/06/2020;coronavi­rus (sars-cov2);
01/06/2020;maringa;nathali gremasachi da silva;38;F;NAO;NAO;09/06/2020;coronavi­rus (sars-cov2);
21/03/2020;maringa;nathalia magalhaes boeira;29;F;NAO;NAO;21/03/2020;coronavi­rus (sars-cov2);
11/06/2020;maringa;nayara samela oliveira souto;28;F;NAO;NAO;11/06/2020;coronavi­rus (sars-cov2);
12/06/2020;maringa;nelci alves;48;F;NAO;NAO;13/06/2020;coronavi­rus (sars-cov2);
15/06/2020;maringa;nereu jose de oliveira;31;M;NAO;NAO;14/06/2020;coronavi­rus (sars-cov2);
20/05/2020;maringa;nerlandetha louicas;25;F;NAO;NAO;20/05/2020;coronavi­rus (sars-cov2);
07/06/2020;maringa;nestor moreschi;72;M;NAO;NAO;02/06/2020;reagente;
03/06/2020;maringa;nilce pereira dias;70;F;NAO;NAO;03/06/2020;coronavi­rus (sars-cov2);
20/05/2020;maringa;nilo barroso dos santos;38;M;NAO;NAO;21/05/2020;coronavi­rus (sars-cov2);
10/06/2020;maringa;nilsa nobre da conceiã‡ãƒo;52;F;NAO;NAO;09/06/2020;coronavi­rus (sars-cov2);
25/05/2020;maringa;nilson rosa de miranda;51;M;NAO;NAO;25/05/2020;reagente;
03/06/2020;maringa;nilza prieto valdenieso;54;F;NAO;NAO;03/06/2020;reagente;
22/05/2020;maringa;nirlan souza bandeira;24;M;NAO;NAO;22/05/2020;coronavi­rus (sars-cov2);
29/03/2020;maringa;nisvaldo gargaro;58;M;NAO;NAO;28/03/2020;coronavi­rus (sars-cov2);
25/04/2020;maringa;nobuco shinnai ishi;62;M;NAO;NAO;23/04/2020;reagente;
15/06/2020;maringa;norberto pitarelli;52;M;NAO;NAO;14/06/2020;coronavi­rus (sars-cov2);
16/06/2020;maringa;norival barbosa;59;M;NAO;NAO;15/06/2020;coronavi­rus (sars-cov2);
05/06/2020;maringa;norton luiz bonini;58;M;NAO;NAO;04/06/2020;coronavi­rus (sars-cov2);
08/06/2020;maringa;odenir colares dos reis;66;M;SIM;NAO;09/06/2020;coronavi­rus (sars-cov2);
15/06/2020;maringa;odete souza araujo ferreira;51;F;NAO;NAO;14/06/2020;coronavi­rus (sars-cov2);
19/06/2020;maringa;olinda maria de oliveira santos;86;F;NAO;NAO;20/06/2020;coronavi­rus (sars-cov2);
03/06/2020;maringa;omar hungaro;62;M;SIM;NAO;02/06/2020;reagente;
09/06/2020;maringa;orivanildo da silva macedo;33;M;NAO;NAO;08/06/2020;coronavi­rus (sars-cov2);
12/06/2020;maringa;orlando aparecido do nascimento;60;M;NAO;NAO;12/06/2020;coronavi­rus (sars-cov2);
02/06/2020;maringa;oscar zandana taniolo junior;45;M;NAO;NAO;06/06/2020;coronavi­rus (sars-cov2);
02/06/2020;maringa;oscar zandana taniolo neto;8;M;NAO;NAO;06/06/2020;coronavi­rus (sars-cov2);
19/06/2020;maringa;osmanir vieira lopes;54;M;SIM;NAO;17/06/2020;coronavi­rus (sars-cov2);
16/06/2020;maringa;osmar da silva queiroz;51;M;NAO;NAO;16/06/2020;reagente;
04/06/2020;maringa;osvaldo francisco monteiro filho;52;M;NAO;NAO;03/06/2020;coronavi­rus (sars-cov2);
14/05/2020;maringa;palmira rodrigues pereira garci;81;F;NAO;SIM;18/05/2020;coronavi­rus (sars-cov2);
01/06/2020;maringa;paloma rodrigues da silva de magalhaes;26;F;NAO;NAO;05/06/2020;coronavi­rus (sars-cov2);
21/05/2020;maringa;pamela caroline de oliveira da rocha;21;F;NAO;NAO;21/05/2020;coronavi­rus (sars-cov2);
27/05/2020;maringa;patchacamac rossetto moreano;32;M;NAO;NAO;26/05/2020;reagente;
20/05/2020;maringa;patricia andreia ferreira passos;40;F;NAO;NAO;20/05/2020;coronavi­rus (sars-cov2);
09/06/2020;maringa;patricia fernanda candido bergamasco;37;F;NAO;NAO;08/06/2020;coronavi­rus (sars-cov2);
20/05/2020;maringa;paulino darcie;61;M;SIM;NAO;20/05/2020;coronavi­rus (sars-cov2);
28/05/2020;maringa;paulo cesar sena;52;M;NAO;NAO;28/05/2020;coronavi­rus (sars-cov2);
08/06/2020;maringa;paulo cezar dos santos;50;M;NAO;NAO;07/06/2020;coronavi­rus (sars-cov2);
11/06/2020;maringa;paulo fernando anicacio;30;M;NAO;NAO;10/06/2020;coronavi­rus (sars-cov2);
18/06/2020;maringa;paulo henrique pereira rodrigues;34;M;NAO;NAO;18/06/2020;coronavi­rus (sars-cov2);
17/06/2020;maringa;paulo robert goncalves elias;42;M;NAO;NAO;17/06/2020;reagente;
18/03/2020;maringa;paulo roberto assumpcao brusadim;33;M;SIM;NAO;13/03/2020;coronavi­rus (sars-cov2);
16/06/2020;maringa;paulo roberto correia de souza;32;M;NAO;NAO;15/06/2020;coronavi­rus (sars-cov2);
09/06/2020;maringa;paulo roberto de oliveira;41;M;NAO;NAO;08/06/2020;coronavi­rus (sars-cov2);
28/04/2020;maringa;paulo roberto gulla;62;M;SIM;NAO;28/04/2020;reagente;
25/05/2020;maringa;paulo sergio adao;48;M;NAO;NAO;02/06/2020;coronavi­rus (sars-cov2);
17/06/2020;maringa;paulo sergio alexandre;53;M;SIM;NAO;07/06/2020;reagente;
14/05/2020;maringa;paulo sergio gomes da silva;52;M;NAO;NAO;14/05/2020;coronavi­rus (sars-cov2);
25/05/2020;maringa;paulo sergio munhos;48;M;SIM;SIM;24/05/2020;coronavi­rus (sars-cov2);
05/06/2020;maringa;paulo sergio rodrigues de souza;44;M;NAO;NAO;05/06/2020;coronavi­rus (sars-cov2);
04/04/2020;maringa;pedrina precidina de souza cruz;69;F;NAO;NAO;04/04/2020;coronavi­rus (sars-cov2);
02/04/2020;maringa;pedro diaz velazquez;88;F;NAO;SIM;02/04/2020;positivo;
30/05/2020;maringa;pedro henrique dos santos;18;M;NAO;NAO;30/05/2020;coronavi­rus (sars-cov2);
08/06/2020;maringa;pedro henrique silva;27;M;NAO;NAO;08/06/2020;coronavi­rus (sars-cov2);
14/06/2020;maringa;pedro marques da silva;62;M;NAO;NAO;13/06/2020;coronavi­rus (sars-cov2);
08/06/2020;maringa;peterson piva;31;M;NAO;NAO;07/06/2020;coronavi­rus (sars-cov2);
19/06/2020;maringa;phillip bernardo lima veiga;27;M;NAO;NAO;18/06/2020;coronavi­rus (sars-cov2);
07/06/2020;maringa;pietro emanuell souza rodrigues;2;M;NAO;NAO;06/06/2020;coronavi­rus (sars-cov2);
31/05/2020;maringa;pietro sampaio de castilho;4;M;NAO;NAO;31/05/2020;coronavi­rus (sars-cov2);
30/03/2020;maringa;plinio alves;49;M;NAO;NAO;31/03/2020;coronavi­rus (sars-cov2);
25/05/2020;maringa;priscila de jesus oliveira;22;F;NAO;NAO;18/05/2020;coronavi­rus (sars-cov2);
15/06/2020;maringa;priscila gimenes santos;35;F;NAO;NAO;14/06/2020;coronavi­rus (sars-cov2);
15/06/2020;maringa;priscila gusmao minuceli;35;F;NAO;NAO;14/06/2020;coronavi­rus (sars-cov2);
18/06/2020;maringa;quiteria vieira belo;82;F;NAO;NAO;17/06/2020;coronavi­rus (sars-cov2);
26/05/2020;maringa;rafael amaral de araujo;27;M;NAO;NAO;26/05/2020;reagente;
31/05/2020;maringa;rafael de sena;33;M;SIM;NAO;01/06/2020;coronavi­rus (sars-cov2);
20/05/2020;maringa;rafael domeni cardoso cardoso vizentim;0;M;NAO;NAO;20/05/2020;coronavi­rus (sars-cov2);
02/06/2020;maringa;rafael josã‰ alves mantovani;36;M;NAO;NAO;05/06/2020;coronavi­rus (sars-cov2);
11/06/2020;maringa;rafael manoel do nascimento;36;M;NAO;NAO;10/06/2020;coronavi­rus (sars-cov2);
09/06/2020;maringa;rafael scalabrini marques elias;0;M;NAO;NAO;07/06/2020;coronavi­rus (sars-cov2);
21/04/2020;maringa;rafaela germano capriglione;23;F;NAO;NAO;18/05/2020;coronavi­rus (sars-cov2);
18/06/2020;maringa;ragnar galvan da silva;3;M;NAO;NAO;17/06/2020;coronavi­rus (sars-cov2);
19/06/2020;maringa;raimundo nonato soares cavalcante;49;M;NAO;NAO;17/06/2020;coronavi­rus (sars-cov2);
07/06/2020;maringa;rangel de paula nunes;40;M;NAO;NAO;05/06/2020;coronavi­rus (sars-cov2);
17/05/2020;maringa;raphael diaz martinez rocha;25;M;SIM;NAO;16/05/2020;reagente;
15/06/2020;maringa;raquel barboza de oliveira ferreira;33;F;NAO;NAO;14/06/2020;coronavi­rus (sars-cov2);
11/05/2020;maringa;raquel ramos motta;79;F;NAO;NAO;07/05/2020;coronavi­rus (sars-cov2);
09/06/2020;maringa;raul del passo tozzo;15;M;NAO;NAO;09/06/2020;coronavi­rus (sars-cov2);
13/06/2020;maringa;reden robson evangelista;57;M;NAO;NAO;12/06/2020;coronavi­rus (sars-cov2);
12/06/2020;maringa;regiane calixto da silva;40;F;NAO;NAO;12/06/2020;coronavi­rus (sars-cov2);
09/04/2020;maringa;regis francisco da rocha;55;M;NAO;NAO;08/04/2020;coronavi­rus (sars-cov2);
09/06/2020;maringa;reinaldo fais;58;M;SIM;NAO;08/06/2020;coronavi­rus (sars-cov2);
01/06/2020;maringa;renan augusto lacerda lima;23;M;NAO;NAO;01/06/2020;coronavi­rus (sars-cov2);
09/06/2020;maringa;renan francis verri;32;M;NAO;NAO;09/06/2020;coronavi­rus (sars-cov2);
24/05/2020;maringa;renan sotti goncalves de sales;29;M;NAO;NAO;24/05/2020;reagente;
03/06/2020;maringa;renata caroline zucon ferreira;27;F;NAO;NAO;02/06/2020;coronavi­rus (sars-cov2);
24/03/2020;maringa;renata matera lima sendeski;29;F;NAO;NAO;01/04/2020;coronavi­rus (sars-cov2);
19/06/2020;maringa;renato da silva;37;M;NAO;NAO;18/06/2020;coronavi­rus (sars-cov2);
17/05/2020;maringa;renato domingues sales;31;M;NAO;NAO;18/05/2020;coronavi­rus (sars-cov2);
21/05/2020;maringa;ricardo araujo marques;45;M;NAO;NAO;21/05/2020;coronavi­rus (sars-cov2);
20/04/2020;maringa;ricardo canhete;35;M;NAO;NAO;20/04/2020;coronavi­rus (sars-cov2);
04/06/2020;maringa;ricardo jamil hajaj;62;M;NAO;NAO;04/06/2020;coronavi­rus (sars-cov2);
30/04/2020;maringa;ricardo jose magalhaes barros;60;M;NAO;NAO;24/04/2020;coronavi­rus (sars-cov2);
22/05/2020;maringa;ricardo ribeiro de oliveira;54;M;NAO;NAO;22/05/2020;coronavi­rus (sars-cov2);
24/04/2020;maringa;ricardo yoshihiko komagome;39;M;NAO;NAO;24/04/2020;coronavi­rus (sars-cov2);
18/06/2020;maringa;rilda lemos;71;F;NAO;NAO;17/06/2020;coronavi­rus (sars-cov2);
11/06/2020;maringa;rita de cassia dos santos;38;F;NAO;NAO;11/06/2020;coronavi­rus (sars-cov2);
22/05/2020;maringa;rita de cassia gonã‡alves;48;F;NAO;NAO;22/05/2020;coronavi­rus (sars-cov2);
08/06/2020;maringa;roberto schnaider;62;M;NAO;NAO;07/06/2020;coronavi­rus (sars-cov2);
26/03/2020;maringa;robertson tadachi hara;48;M;NAO;NAO;27/03/2020;coronavi­rus (sars-cov2);
07/06/2020;maringa;rodolfo borri de souza;22;M;NAO;NAO;05/06/2020;coronavi­rus (sars-cov2);
10/06/2020;maringa;rodrigo ornellas miyabe;34;M;NAO;NAO;11/06/2020;coronavi­rus (sars-cov2);
13/06/2020;maringa;rodrigo soares mendes nunes;36;M;NAO;NAO;13/06/2020;coronavi­rus (sars-cov2);
07/06/2020;maringa;rogerio da silva lima;48;M;NAO;NAO;06/06/2020;coronavi­rus (sars-cov2);
27/05/2020;maringa;rogerio ito gomes;40;M;SIM;NAO;26/05/2020;coronavi­rus (sars-cov2);
01/06/2020;maringa;rogerio mayese;53;M;NAO;NAO;26/05/2020;coronavi­rus (sars-cov2);
03/06/2020;maringa;rogerio mota souto;37;M;NAO;NAO;02/06/2020;coronavi­rus (sars-cov2);
19/06/2020;maringa;romilda luiza nogueira;41;F;NAO;NAO;18/06/2020;coronavi­rus (sars-cov2);
13/06/2020;maringa;romilda maria costa;45;F;NAO;NAO;12/06/2020;coronavi­rus (sars-cov2);
06/06/2020;maringa;ronaldo de goes carrer;52;M;SIM;NAO;06/06/2020;reagente;
10/06/2020;maringa;ronaldo de souza melo;40;M;NAO;NAO;11/06/2020;coronavi­rus (sars-cov2);
17/05/2020;maringa;roni marcos bertoletti;42;M;NAO;NAO;17/05/2020;coronavi­rus (sars-cov2);
16/06/2020;maringa;ronnie valderez dos santos;41;M;NAO;NAO;14/05/2020;coronavi­rus (sars-cov2);
09/06/2020;maringa;rosa angelica lujam padovani;45;F;NAO;NAO;08/06/2020;coronavi­rus (sars-cov2);
12/06/2020;maringa;rosa maria de andrade;54;F;NAO;NAO;12/06/2020;coronavi­rus (sars-cov2);
09/05/2020;maringa;rosa maria de jesus silva;73;F;NAO;SIM;09/05/2020;coronavi­rus (sars-cov2);
20/06/2020;maringa;rosalina martins guedes;61;F;NAO;NAO;19/06/2020;coronavi­rus (sars-cov2);
19/06/2020;maringa;rosana patricio;82;F;NAO;NAO;19/06/2020;coronavi­rus (sars-cov2);
05/06/2020;maringa;rosana toschi maganha de oliveira;40;F;NAO;NAO;13/06/2020;coronavi­rus (sars-cov2);
11/06/2020;maringa;rosangela antunes machado da silva;54;F;SIM;SIM;20/03/2020;coronavi­rus (sars-cov2);
19/06/2020;maringa;rosangela aparecida monteiro de queiroz oziurza;61;F;NAO;NAO;18/06/2020;coronavi­rus (sars-cov2);
09/06/2020;maringa;rosangela barbosa moreira;50;F;NAO;NAO;08/06/2020;coronavi­rus (sars-cov2);
13/06/2020;maringa;rosangela galhardo contiero;54;F;NAO;NAO;11/06/2020;coronavi­rus (sars-cov2);
21/05/2020;maringa;rosangela mioti;38;F;NAO;NAO;21/05/2020;coronavi­rus (sars-cov2);
15/06/2020;maringa;rosangela paisca ferni;41;F;NAO;NAO;14/06/2020;coronavi­rus (sars-cov2);
13/06/2020;maringa;rosangela toschi maganha;31;F;NAO;NAO;11/06/2020;coronavi­rus (sars-cov2);
09/06/2020;maringa;roselene buoso de souza;49;F;NAO;NAO;08/06/2020;coronavi­rus (sars-cov2);
19/06/2020;maringa;rosemeire aparecida pereira bauman;53;F;NAO;NAO;18/06/2020;coronavi­rus (sars-cov2);
19/05/2020;maringa;rosemir caetano da silva;48;M;SIM;NAO;19/05/2020;coronavi­rus (sars-cov2);
15/06/2020;maringa;roseni martins de oliveira;51;F;NAO;NAO;14/06/2020;coronavi­rus (sars-cov2);
13/06/2020;maringa;rosiane toschi maganha soares;41;F;NAO;NAO;11/06/2020;coronavi­rus (sars-cov2);
07/06/2020;maringa;rosicleia pedroso de lisboa;20;F;NAO;NAO;06/06/2020;coronavi­rus (sars-cov2);
07/06/2020;maringa;rosicler americo da silva;46;F;NAO;NAO;06/06/2020;coronavi­rus (sars-cov2);
13/06/2020;maringa;rosimar viotto angelossi;49;F;NAO;NAO;12/06/2020;coronavi­rus (sars-cov2);
04/06/2020;maringa;rosimeire maria rangel;43;F;NAO;NAO;02/06/2020;reagente;
15/06/2020;maringa;rosimeiri de neyza filaho de oliveira;44;F;NAO;NAO;15/06/2020;coronavi­rus (sars-cov2);
06/06/2020;maringa;rosineide aparecid silva oliveira;52;F;NAO;NAO;08/06/2020;coronavi­rus (sars-cov2);
17/06/2020;maringa;rosineide ferreira dos santos;28;F;NAO;NAO;16/06/2020;coronavi­rus (sars-cov2);
05/06/2020;maringa;rozilene alves rodrigues;45;F;NAO;NAO;02/06/2020;coronavi­rus (sars-cov2);
15/05/2020;maringa;ruanna rodrigues;25;F;SIM;NAO;15/05/2020;coronavi­rus (sars-cov2);
18/06/2020;maringa;rubens baldassi;60;M;NAO;NAO;17/06/2020;coronavi­rus (sars-cov2);
05/06/2020;maringa;rute cristiane bigoni;29;F;NAO;NAO;07/06/2020;coronavi­rus (sars-cov2);
07/06/2020;maringa;sabrina alessandra ambrosio;28;F;NAO;NAO;06/06/2020;coronavi­rus (sars-cov2);
18/05/2020;maringa;sabrina ascui de oliveira karantino;32;F;NAO;NAO;18/05/2020;coronavi­rus (sars-cov2);
17/06/2020;maringa;samara mendes da silveira;20;F;NAO;NAO;15/06/2020;coronavi­rus (sars-cov2);
06/06/2020;maringa;samara sano da rocha;35;F;NAO;NAO;05/06/2020;coronavi­rus (sars-cov2);
18/06/2020;maringa;samia cristina nabhan;41;F;NAO;NAO;18/06/2020;reagente;
13/05/2020;maringa;samir zaveri;58;M;NAO;NAO;12/05/2020;reagente;
15/06/2020;maringa;samuel da silva mello;8;M;NAO;NAO;14/06/2020;coronavi­rus (sars-cov2);
11/06/2020;maringa;samuel henrique silva borges;7;M;NAO;NAO;11/06/2020;coronavi­rus (sars-cov2);
05/06/2020;maringa;sandra boveto da silveira;51;F;NAO;NAO;04/06/2020;reagente;
11/04/2020;maringa;sandra mara de alencar schiavi;42;F;SIM;NAO;02/04/2020;coronavi­rus (sars-cov2);
30/05/2020;maringa;sandra marta da silva;43;F;NAO;NAO;31/05/2020;coronavi­rus (sars-cov2);
15/06/2020;maringa;sandra regina de oliveira toribio;49;F;NAO;NAO;11/06/2020;coronavi­rus (sars-cov2);
30/05/2020;maringa;sandro chagas;50;M;NAO;NAO;30/05/2020;coronavi­rus (sars-cov2);
24/04/2020;maringa;sanuci dabo;41;M;NAO;NAO;23/04/2020;coronavi­rus (sars-cov2);
29/05/2020;maringa;sara marcondes thome reis;50;F;NAO;NAO;29/05/2020;reagente;
25/05/2020;maringa;sarah repiso vieira rocha;22;F;NAO;NAO;26/05/2020;reagente;
24/04/2020;maringa;saulo rodrigo fernandes correi;43;M;NAO;NAO;29/03/2020;coronavi­rus (sars-cov2);
14/06/2020;maringa;sebastiãƒo aparecido da costa;50;M;NAO;NAO;13/06/2020;coronavi­rus (sars-cov2);
19/06/2020;maringa;sebastiao de assis neto;34;M;NAO;NAO;18/06/2020;coronavi­rus (sars-cov2);
20/05/2020;maringa;sebastiao dos reis gama;52;M;NAO;NAO;20/05/2020;coronavi­rus (sars-cov2);
07/06/2020;maringa;sebastiao francisco de souza junior;57;M;NAO;NAO;05/06/2020;coronavi­rus (sars-cov2);
24/05/2020;maringa;sebastiao jose dias;76;M;NAO;SIM;24/05/2020;coronavi­rus (sars-cov2);
05/06/2020;maringa;sebastiao luiz da silva;48;M;NAO;NAO;03/06/2020;coronavi­rus (sars-cov2);
30/05/2020;maringa;sergio luiz felix da silva;49;M;SIM;NAO;03/06/2020;coronavi­rus (sars-cov2);
17/06/2020;maringa;sergio luiz rosa;53;M;NAO;NAO;18/06/2020;coronavi­rus (sars-cov2);
16/06/2020;maringa;sheila darla martins guedes de mello;40;F;NAO;NAO;15/06/2020;coronavi­rus (sars-cov2);
07/06/2020;maringa;shirlei aparecida ferreira vieira;53;F;NAO;NAO;06/06/2020;coronavi­rus (sars-cov2);
12/06/2020;maringa;shirley de oliveira santos;49;F;NAO;NAO;09/06/2020;coronavi­rus (sars-cov2);
21/05/2020;maringa;shirley doneda orcessi;48;F;NAO;NAO;22/05/2020;reagente;
04/06/2020;maringa;sidnera jacques;32;M;SIM;NAO;02/06/2020;coronavi­rus (sars-cov2);
13/05/2020;maringa;sidney alexandre s martins;25;M;NAO;NAO;13/05/2020;coronavi­rus (sars-cov2);
11/06/2020;maringa;sidney bernardo velozo;59;M;NAO;NAO;10/06/2020;coronavi­rus (sars-cov2);
11/06/2020;maringa;siliviane ayres de oliveira guizelini;32;F;NAO;NAO;11/06/2020;coronavi­rus (sars-cov2);
08/06/2020;maringa;silmara martins;38;F;NAO;NAO;08/06/2020;reagente;
25/05/2020;maringa;silvana cristina monici taboni;49;F;NAO;NAO;22/05/2020;coronavi­rus (sars-cov2);
25/05/2020;maringa;silvana santos de oliveira catto;52;F;NAO;NAO;18/05/2020;coronavi­rus (sars-cov2);
19/05/2020;maringa;silvia leticia do nascimento;37;F;NAO;NAO;19/05/2020;reagente;
15/06/2020;maringa;silvia roza de camargo dias;51;F;NAO;NAO;16/06/2020;coronavi­rus (sars-cov2);
14/06/2020;maringa;silvio luiz da silva sousa;39;M;NAO;NAO;13/06/2020;coronavi­rus (sars-cov2);
10/06/2020;maringa;simone antonio marques;29;F;NAO;NAO;09/06/2020;coronavi­rus (sars-cov2);
21/05/2020;maringa;simone pereira dias valentin;40;F;NAO;NAO;22/05/2020;coronavi­rus (sars-cov2);
24/05/2020;maringa;simone regina panuci;42;F;NAO;NAO;22/05/2020;coronavi­rus (sars-cov2);
09/06/2020;maringa;sindy de oliveira da silva;20;F;NAO;NAO;08/06/2020;coronavi­rus (sars-cov2);
04/05/2020;maringa;sirlene maria maroneze capelato;62;F;SIM;NAO;04/05/2020;reagente;
24/05/2020;maringa;sirley valerio bolonhese;49;F;NAO;NAO;21/05/2020;reagente;
17/06/2020;maringa;sisneu moreira dos santos;37;M;NAO;NAO;17/06/2020;reagente;
05/06/2020;maringa;solana macedo maruchi;47;F;NAO;NAO;02/06/2020;coronavi­rus (sars-cov2);
02/06/2020;maringa;solange aparecida dias da silva;50;F;NAO;NAO;02/06/2020;coronavi­rus (sars-cov2);
17/06/2020;maringa;solange aparecida goncalves pereira;49;F;NAO;NAO;16/06/2020;coronavi­rus (sars-cov2);
03/06/2020;maringa;solange gabelini pinheiro;77;F;NAO;NAO;04/06/2020;coronavi­rus (sars-cov2);
23/04/2020;maringa;solange maroneze limonta;58;F;SIM;NAO;23/04/2020;reagente;
07/06/2020;maringa;solange romoaldo dos santos molina;57;F;NAO;NAO;06/06/2020;coronavi­rus (sars-cov2);
17/05/2020;maringa;solange sales da silva;30;F;SIM;NAO;18/05/2020;coronavi­rus (sars-cov2);
03/06/2020;maringa;sonia aparecida de paula oliveira;58;F;NAO;NAO;02/06/2020;coronavi­rus (sars-cov2);
17/06/2020;maringa;sonia de oliveira lima;54;F;NAO;NAO;18/06/2020;coronavi­rus (sars-cov2);
20/05/2020;maringa;sonia maria moreira bezerra;53;F;SIM;NAO;17/05/2020;coronavi­rus (sars-cov2);
17/05/2020;maringa;sophia ajarda rosa;1;F;NAO;NAO;17/05/2020;coronavi­rus (sars-cov2);
04/06/2020;maringa;sophia pereira cunha;3;F;NAO;NAO;02/06/2020;coronavi­rus (sars-cov2);
12/06/2020;maringa;sophia steinwandt;7;F;NAO;NAO;13/06/2020;coronavi­rus (sars-cov2);
08/06/2020;maringa;stefane santos rocha;25;F;NAO;NAO;09/06/2020;coronavi­rus (sars-cov2);
18/05/2020;maringa;stefanie lai;29;M;NAO;NAO;18/05/2020;coronavi­rus (sars-cov2);
03/06/2020;maringa;stefanny karla de oliveira domiciano;24;F;NAO;NAO;04/06/2020;coronavi­rus (sars-cov2);
08/06/2020;maringa;stefano negrelli neto;52;M;NAO;NAO;07/06/2020;coronavi­rus (sars-cov2);
17/05/2020;maringa;suelen mioti dos santos;24;F;NAO;NAO;17/05/2020;coronavi­rus (sars-cov2);
08/06/2020;maringa;suelen santos bueno;19;F;NAO;NAO;07/06/2020;coronavi­rus (sars-cov2);
10/06/2020;maringa;sueli alves de carvalho inez;49;F;NAO;NAO;08/06/2020;coronavi­rus (sars-cov2);
20/06/2020;maringa;sueli de oliveira dena;52;F;NAO;NAO;19/06/2020;coronavi­rus (sars-cov2);
13/06/2020;maringa;suellen bigotto de campos;32;F;NAO;NAO;13/06/2020;coronavi­rus (sars-cov2);
10/06/2020;maringa;taina de carvalho melo;13;F;NAO;NAO;11/06/2020;coronavi­rus (sars-cov2);
08/06/2020;maringa;taiza fernanda monteiro da silva;26;F;NAO;NAO;08/06/2020;coronavi­rus (sars-cov2);
19/06/2020;maringa;tales andre alves;32;M;NAO;NAO;18/06/2020;coronavi­rus (sars-cov2);
17/06/2020;maringa;talita cibele gongora gongora;27;F;NAO;NAO;18/06/2020;coronavi­rus (sars-cov2);
20/05/2020;maringa;talita gasque barbosa;36;F;NAO;NAO;20/05/2020;coronavi­rus (sars-cov2);
16/06/2020;maringa;tania de almeida chaves;31;F;NAO;NAO;15/06/2020;coronavi­rus (sars-cov2);
08/06/2020;maringa;tania regina de souza;51;F;NAO;NAO;08/06/2020;coronavi­rus (sars-cov2);
16/06/2020;maringa;tarsis andre alves dos santos;39;M;NAO;NAO;15/06/2020;coronavi­rus (sars-cov2);
24/05/2020;maringa;tassiany loiarade de oliveira;33;F;NAO;NAO;22/05/2020;coronavi­rus (sars-cov2);
09/06/2020;maringa;tatiana goncalves barbosa;37;F;NAO;NAO;08/06/2020;coronavi­rus (sars-cov2);
07/06/2020;maringa;tatiana selma monteiro;40;F;NAO;NAO;08/06/2020;coronavi­rus (sars-cov2);
18/05/2020;maringa;tatiane aparecida rigoldi;31;F;NAO;NAO;19/05/2020;coronavi­rus (sars-cov2);
15/06/2020;maringa;tatiane moraes da silva;35;F;NAO;NAO;11/06/2020;coronavi­rus (sars-cov2);
30/05/2020;maringa;tatiani maria vieira da rocha;36;F;NAO;NAO;29/05/2020;coronavi­rus (sars-cov2);
03/06/2020;maringa;terezinha aparecida souza;55;F;NAO;NAO;03/06/2020;coronavi­rus (sars-cov2);
18/06/2020;maringa;terezinha de fatima cason;53;F;NAO;NAO;17/06/2020;coronavi­rus (sars-cov2);
15/06/2020;maringa;thais cristina correia bragato;28;F;NAO;NAO;15/06/2020;coronavi­rus (sars-cov2);
19/06/2020;maringa;thais fernanda bueno;28;F;NAO;NAO;17/06/2020;coronavi­rus (sars-cov2);
12/06/2020;maringa;thais fernanda cerqueira;28;F;NAO;NAO;13/06/2020;coronavi­rus (sars-cov2);
05/05/2020;maringa;thales silva de oliveira;8;M;NAO;NAO;04/05/2020;coronavi­rus (sars-cov2);
28/03/2020;maringa;thalita tiseu ruggeri;31;F;NAO;NAO;26/03/2020;coronavi­rus (sars-cov2);
19/06/2020;maringa;thany danielle dziura;39;F;NAO;NAO;17/06/2020;coronavi­rus (sars-cov2);
30/05/2020;maringa;thayla silvestre batistela;27;F;NAO;NAO;29/05/2020;coronavi­rus (sars-cov2);
18/05/2020;maringa;thayna de souza ferreira;24;F;NAO;NAO;17/05/2020;coronavi­rus (sars-cov2);
19/06/2020;maringa;therezinha martins;83;F;NAO;NAO;18/06/2020;coronavi­rus (sars-cov2);
20/05/2020;maringa;thiago henrique zacharias;33;M;NAO;NAO;19/05/2020;coronavi­rus (sars-cov2);
14/06/2020;maringa;thiago jose lemes filipin;30;M;SIM;NAO;13/06/2020;coronavi­rus (sars-cov2);
08/06/2020;maringa;thiago rodrigues burin;33;M;NAO;NAO;08/06/2020;coronavi­rus (sars-cov2);
05/06/2020;maringa;tiago bastos;38;M;NAO;NAO;05/06/2020;coronavi­rus (sars-cov2);
20/06/2020;maringa;tiago rodrigues alves;29;M;NAO;NAO;20/06/2020;coronavi­rus (sars-cov2);
20/06/2020;maringa;tiago rodrigues de oliveira;26;M;NAO;NAO;19/06/2020;coronavi­rus (sars-cov2);
08/06/2020;maringa;vagner candido rodrigues;29;M;SIM;NAO;08/06/2020;reagente;
14/05/2020;maringa;valdecir guirao alvina;61;M;NAO;NAO;15/05/2020;coronavi­rus (sars-cov2);
19/06/2020;maringa;valdecir heine zimmermann;53;M;NAO;NAO;18/06/2020;coronavi­rus (sars-cov2);
13/04/2020;maringa;valdecir pedro lourenco;52;M;NAO;NAO;11/04/2020;coronavi­rus (sars-cov2);
08/06/2020;maringa;valdeir de moura;32;M;NAO;NAO;07/06/2020;coronavi­rus (sars-cov2);
16/05/2020;maringa;valdemar zaparolli;59;M;NAO;NAO;16/05/2020;coronavi­rus (sars-cov2);
15/06/2020;maringa;valdete cristina tenorio;41;F;NAO;NAO;15/06/2020;coronavi­rus (sars-cov2);
19/06/2020;maringa;valdirene aparecida cason costa;51;F;NAO;NAO;18/06/2020;coronavi­rus (sars-cov2);
22/05/2020;maringa;valdirene artur da silva;48;F;NAO;NAO;22/05/2020;coronavi­rus (sars-cov2);
01/06/2020;maringa;valdomiro alves montovani;74;M;SIM;SIM;12/05/2020;positivo;
29/04/2020;maringa;valeria cristina da costa;45;F;SIM;NAO;30/04/2020;coronavi­rus (sars-cov2);
01/06/2020;maringa;valeria cristina ferreira delefrati;45;F;NAO;NAO;02/06/2020;coronavi­rus (sars-cov2);
28/05/2020;maringa;valmir severino dos santos;40;M;NAO;NAO;28/05/2020;coronavi­rus (sars-cov2);
20/05/2020;maringa;valter basaco junioe;39;M;NAO;NAO;20/05/2020;coronavi­rus (sars-cov2);
17/06/2020;maringa;vandaleire prete;48;F;NAO;NAO;16/06/2020;coronavi­rus (sars-cov2);
02/06/2020;maringa;vanessa cristina villegas;28;F;NAO;NAO;02/06/2020;coronavi­rus (sars-cov2);
16/06/2020;maringa;vanessa de castro nascimento jesus;29;F;NAO;NAO;16/06/2020;coronavi­rus (sars-cov2);
22/05/2020;maringa;vanessa nascimento bochi zacharias;32;F;NAO;NAO;22/05/2020;coronavi­rus (sars-cov2);
19/06/2020;maringa;vania nogueira benetti;40;F;NAO;NAO;18/06/2020;coronavi­rus (sars-cov2);
17/06/2020;maringa;varlando pires de lemos;75;M;NAO;NAO;15/06/2020;coronavi­rus (sars-cov2);
17/06/2020;maringa;vera lucia de lima;62;F;NAO;NAO;16/06/2020;coronavi­rus (sars-cov2);
15/06/2020;maringa;vera lucia negrao;44;F;NAO;NAO;14/06/2020;coronavi­rus (sars-cov2);
24/04/2020;maringa;veronica costa silva leandrini;56;F;NAO;NAO;25/04/2020;coronavi­rus (sars-cov2);
08/06/2020;maringa;victor camargo abrao;22;M;NAO;NAO;05/06/2020;reagente;
20/06/2020;maringa;victor felipe umbelino de araujo;25;M;SIM;NAO;19/06/2020;coronavi­rus (sars-cov2);
30/05/2020;maringa;victor lukas andreotti cela;8;M;NAO;NAO;29/05/2020;coronavi­rus (sars-cov2);
15/06/2020;maringa;victor paes santiago;19;M;SIM;NAO;14/06/2020;coronavi­rus (sars-cov2);
01/06/2020;maringa;victoria siqueira bedusqui;25;F;NAO;NAO;02/06/2020;coronavi­rus (sars-cov2);
26/05/2020;maringa;vilmar aparecido volpe;56;M;NAO;NAO;09/06/2020;reagente;
16/06/2020;maringa;vinicius anicacio;31;M;SIM;NAO;15/06/2020;coronavi­rus (sars-cov2);
03/06/2020;maringa;vinicius da silva oliveira;27;M;NAO;NAO;02/06/2020;coronavi­rus (sars-cov2);
10/06/2020;maringa;vinicius gabriel moreno sasso;20;M;NAO;NAO;09/06/2020;coronavi­rus (sars-cov2);
01/06/2020;maringa;vinicius issa rizk furlan;27;M;NAO;NAO;01/06/2020;coronavi­rus (sars-cov2);
10/06/2020;maringa;vinicius medina guimaraes;25;M;SIM;NAO;09/06/2020;coronavi­rus (sars-cov2);
24/04/2020;maringa;vinicius sala ribeiro de campo;13;M;NAO;NAO;23/04/2020;reagente;
13/06/2020;maringa;vitalina claudia coutinho da silva baldani;58;F;NAO;NAO;12/06/2020;coronavi­rus (sars-cov2);
07/06/2020;maringa;vithoria salgado de morais;17;F;NAO;NAO;10/06/2020;coronavi­rus (sars-cov2);
13/06/2020;maringa;vitor camargo dionisio;19;M;NAO;NAO;12/06/2020;coronavi­rus (sars-cov2);
02/06/2020;maringa;vitor manoel joaquim parise;18;M;NAO;NAO;02/06/2020;coronavi­rus (sars-cov2);
08/06/2020;maringa;vitoria barbosa benirte;9;F;NAO;NAO;06/06/2020;coronavi­rus (sars-cov2);
19/05/2020;maringa;vitoria bianca gonã‡alves ferreira;13;F;NAO;NAO;19/05/2020;reagente;
19/06/2020;maringa;viviane aparecida da conceicao;39;F;NAO;NAO;17/06/2020;coronavi­rus (sars-cov2);
15/06/2020;maringa;viviane thomaz ragioto;42;F;NAO;NAO;14/06/2020;coronavi­rus (sars-cov2);
11/06/2020;maringa;vlademir ferrari;49;M;SIM;SIM;22/04/2020;coronavi­rus (sars-cov2);
19/06/2020;maringa;wagner canele pereira camargo;32;M;NAO;NAO;19/06/2020;coronavi­rus (sars-cov2);
19/06/2020;maringa;wagton eduardo reis de araujo;25;M;NAO;NAO;18/06/2020;coronavi­rus (sars-cov2);
07/06/2020;maringa;walcyr de freitas jesus;48;M;NAO;NAO;06/06/2020;coronavi­rus (sars-cov2);
18/06/2020;maringa;waldir lopes;61;M;NAO;NAO;18/06/2020;reagente;
20/05/2020;maringa;wellington dias nunes;29;M;NAO;NAO;18/05/2020;coronavi­rus (sars-cov2);
15/06/2020;maringa;wellyngton jose moreira de freitas;28;M;NAO;NAO;14/06/2020;coronavi­rus (sars-cov2);
03/06/2020;maringa;wganer aparecido da silva;54;M;NAO;NAO;02/06/2020;coronavi­rus (sars-cov2);
01/06/2020;maringa;william moretto caldeira da silva;44;M;NAO;NAO;02/06/2020;coronavi­rus (sars-cov2);
17/06/2020;maringa;willian carlos crestani ferreira;36;M;NAO;NAO;17/06/2020;reagente;
21/04/2020;maringa;wilson dias rocha;54;M;SIM;NAO;20/04/2020;coronavi­rus (sars-cov2);
07/06/2020;maringa;wylliam steveson carvalho serrao;21;M;NAO;NAO;06/06/2020;coronavi­rus (sars-cov2);
13/06/2020;maringa;yago loham vieira batista;22;M;NAO;NAO;13/06/2020;coronavi­rus (sars-cov2);
02/06/2020;maringa;yasmin esquiero martins;23;F;NAO;NAO;04/06/2020;coronavi­rus (sars-cov2);
30/04/2020;maringa;yuri rafael gragefe feitosa;33;M;SIM;NAO;30/04/2020;coronavi­rus (sars-cov2);
04/06/2020;maringa;yvonne naves do nascimento;54;F;NAO;NAO;03/06/2020;coronavi­rus (sars-cov2);
18/06/2020;maringa;zeferina alves;73;F;NAO;NAO;17/06/2020;coronavi­rus (sars-cov2);
26/05/2020;maringa;zeferino segesmundo pujolli;58;M;NAO;NAO;26/05/2020;coronavi­rus (sars-cov2);
22/05/2020;maringa;zeli falcao de abreu;53;F;NAO;NAO;22/05/2020;coronavi­rus (sars-cov2);
08/06/2020;maringa;zeneide cristina de souza de almeida;53;F;NAO;NAO;07/06/2020;coronavi­rus (sars-cov2);
17/06/2020;maringa;zomara martins dos reis;55;F;NAO;NAO;17/06/2020;reagente;
13/06/2020;munhozdemelo;nanci zaniti moraes;41;FEMININO;SIM;NAO;13/06/2020;confirmado;
08/06/2020;munhozdemelo;vanderlei de morais;37;MASCULINO;SIM;NAO;05/06/2020;confirmado;
17/04/2020;novaesperanca;andre antonio netro;20;M;NAO;NAO;17/04/2020;coronavi­rus (sars-cov2);
20/05/2020;novaesperanca;andressa pericelli gibin;32;FEMININO;CONTATO COM CONFIRMADO;NAO;21/05/2020;confirmado;
10/06/2020;novaesperanca;bruna antonio da silva;30;feminino;sim;NAO;10/06/2020;confirmado;
27/05/2020;novaesperanca;danubia larissa possidonio galindo;33;FEMININO;HOSPITAL PSIQUIATRICO;NAO;27/05/2020;confirmado;
15/05/2020;novaesperanca;dielson marques;48;MASCULINO;NAO;NAO;15/05/2020;confirmado;
17/04/2020;novaesperanca;eurenice teixeira da silva;58;FEMININO;NAO;NAO;17/04/2020;confirmado;
09/04/2020;novaesperanca;fernando henrique dos santos;32;MASCULINO;NAO;NAO;09/04/2020;confirmado;
16/06/2020;novaesperanca;gezonito vicente junior;21;MASCULINO;SIM;NAO;12/06/2020;confirmado;
15/05/2020;novaesperanca;luciana moreira de souza;40;FEMININO;NAO;NAO;15/05/2020;confirmado;
17/04/2020;novaesperanca;lucinéia jesus cardoso silva;42;FEMININO;NAO;NAO;17/04/2020;confirmado;
15/06/2020;novaesperanca;maria da silva santos;47;FEMININO;SIM;NAO;15/06/2020;confirmado;
18/06/2020;novaesperanca;maria regina cassiano santos;47;F;NAO;NAO;17/06/2020;reagente;
14/04/2020;novaesperanca;maria valeria correia de brito;27;F;NAO;NAO;17/04/2020;coronavi­rus (sars-cov2);
15/05/2020;novaesperanca;marines neves da silva;54;FEMININO;CONTATO;NAO;15/05/2020;confirmado;
11/06/2020;novaesperanca;patricia aparecida ibonez;37;F;NAO;NAO;10/06/2020;coronavi­rus (sars-cov2);
15/04/2020;novaesperanca;rayline fernanda oliveira silva;21;feminino;sim;NAO;09/06/2020;confirmado;
17/04/2020;novaesperanca;richard dos reis rodrigues;22;MASCULINO;NAO;NAO;17/04/2020;confirmado;
20/05/2020;novaesperanca;sonia cristina siqueira da costa;51;F;NAO;NAO;17/05/2020;coronavi­rus (sars-cov2);
18/06/2020;novaesperanca;vilany martins dos santos da silva;48;FEMININO;SIM;NAO;18/06/2020;confirmado;
21/05/2020;paicandu;alcino fransao;71;M;NAO;NAO;20/05/2020;reagente;
04/06/2020;paicandu;alysson soares;28;M;SIM/SURTO;NAO;02/06/2020;confirmado;
12/06/2020;paicandu;ana maria gardinal rangel;52;F;NAO;NAO;12/06/2020;confirmado;
09/06/2020;paicandu;andressa malta ferreira candido;24;F;SIM/JORGE;NAO;09/06/2020;confirmado;
17/06/2020;paicandu;antonio carlos pires santana;53;M;NAO;NAO;17/06/2020;confirmado;
13/06/2020;paicandu;arnaldo jose da silva filho;54;M;SIM;NAO;09/06/2020;confirmado;
18/05/2020;paicandu;aurea de fatima franco comper;35;F;SIM;NAO;18/05/2020;confirmado;
18/05/2020;paicandu;beatriz  azevedo e silva;19;F;SIM;NAO;18/05/2020;confirmado;
19/06/2020;paicandu;carlos rafael rodrigues pereira;18;M;SIM/CONFIRMADO;NAO;19/06/2020;confirmado;
13/06/2020;paicandu;carmelina dos santos camaras;71;F;SIM/LEOMAR;NAO;10/06/2020;confirmado;
09/06/2020;paicandu;cassio douglas da silva;35;M;NAO;NAO;09/06/2020;confirmado;
13/06/2020;paicandu;celidalva maria da silva;48;F;NAO;NAO;10/06/2020;confirmado;
15/06/2020;paicandu;claudia elaine aparecida teodoro;34;F;NAO;NAO;22/06/2020;confirmado;
16/06/2020;paicandu;claudinei bonifacio;39;M;SIM/CONFIRMADO;NAO;16/06/2020;confirmado;
31/05/2020;paicandu;clevenice tessaro da silva;48;F;NAO;NAO;09/06/2020;confirmado;
29/05/2020;paicandu;cristiano fagundes mariano;29;M;SIM/TRABALHO;NAO;01/06/2020;confirmado;
08/06/2020;paicandu;daysa fable;34;F;NAO;NAO;08/06/2020;NA;
31/05/2020;paicandu;denilson luiz de brito;44;M;NAO;NAO;31/05/2020;confirmado;
12/06/2020;paicandu;denivaldo rangel;53;M;NAO;NAO;12/06/2020;confirmado;
15/06/2020;paicandu;devaniria leite rodrigues pereira;44;F;NAO;NAO;13/06/2020;coronavi­rus (sars-cov2);
09/06/2020;paicandu;diego fernando candido;30;M;SIM;NAO;15/06/2020;confirmado;
08/06/2020;paicandu;dirce verri soares;79;F;SIM/CONFIRMADO;SIM;11/06/2020;confirmado;
16/05/2020;paicandu;edinei noronha;48;M;NAO;NAO;16/05/2020;confirmado;
09/06/2020;paicandu;eduardo moreno;50;M;NAO;NAO;14/06/2020;confirmado;
16/06/2020;paicandu;eleticia helena inacio;30;F;SIM/CONFIRMADO;NAO;16/06/2020;confirmado;
30/05/2020;paicandu;eliseu roberto de souza;55;M;SIM/CONFIRMADO;NAO;13/06/2020;confirmado;
15/06/2020;paicandu;etiele cavatine salomao;35;F;SIM/SUSPEITO;NAO;20/06/2020;confirmado;
16/06/2020;paicandu;fabio henrique rangel;32;F;NAO;NAO;15/06/2020;confirmado;
10/06/2020;paicandu;fabio henrique sabaine bernardo;33;M;SIM/CONFIRMADO;NAO;12/06/2020;confirmado;
09/06/2020;paicandu;fabio junior rodrigues de camargo;39;M;NAO;NAO;19/06/2020;confirmado;
16/06/2020;paicandu;fernanda cereser haga;31;F;SIM/;NAO;16/06/2020;confirmado;
01/06/2020;paicandu;flavia dos santos silva;40;F;SIM/CONFIRMADO;NAO;08/06/2020;confirmado;
26/06/2020;paicandu;flavia vivane rodrigues de camargo;32;F;SIM;NAO;25/05/2020;confirmado;
21/06/2020;paicandu;francisco pereira da costa;77;M;NAO;NAO;21/06/2020;confirmado;
19/06/2020;paicandu;gleydson rafael rodrigues ferreira;20;M;SIM/CONFIRMADO;NAO;19/06/2020;confirmado;
16/06/2020;paicandu;iracema pires ramos;81;F;SIM/;NAO;16/06/2020;confirmado;
02/06/2020;paicandu;isabel barros mendes;46;F;NAO;NAO;01/06/2020;confirmado;
28/05/2020;paicandu;jair barrena;61;M;SIM;NAO;27/05/2020;confirmado;
13/06/2020;paicandu;jhessica izabela aparecida dos santos;31;F;SIM/CONFIRMADO;NAO;13/06/2020;confirmado;
13/06/2020;paicandu;joao adilson dos santos;47;M;SIM;NAO;10/06/2020;confirmado;
15/06/2020;paicandu;joao ricardo fanti;37;M;NAO;NAO;20/06/2020;confirmado;
08/06/2020;paicandu;jorge aparecido candido;61;M;NAO;SIM;08/06/2020;confirmado;
20/05/2020;paicandu;jose alexandre sobrinho;65;M;SIM;NAO;01/06/2020;confirmado;
16/06/2020;paicandu;jose alexandre teixeira leal;50;M;SIM/VIAGEM;NAO;09/06/2020;confirmado;
18/06/2020;paicandu;jose henrique de araujo;38;M;NAO;NAO;18/06/2020;confirmado;
17/04/2020;paicandu;joyce viviane dos santos fator;38;F;NAO;NAO;18/04/2020;coronavi­rus (sars-cov2);
15/06/2020;paicandu;juliana sabaine bernardo;32;F;SIM/CONFIRMADO;NAO;15/06/2020;confirmado;
20/06/2020;paicandu;katia da silva mendes dos santos;39;F;SIM/SUSPEITO;NAO;19/06/2020;confirmado;
28/05/2020;paicandu;laismara pedro cassiani;26;F;SIM;NAO;27/05/2020;confirmado;
13/06/2020;paicandu;lenir dos santos camarras;45;F;SIM/LEOMAR;NAO;10/06/2020;confirmado;
30/05/2020;paicandu;leomar dos santos camarras;40;M;NAO;NAO;04/06/2020;confirmado;
14/06/2020;paicandu;lourdes liandro;85;F;NAO;NAO;07/06/2020;confirmado;
13/06/2020;paicandu;lourival leite de ciqueira;72;M;NAO;NAO;10/06/2020;confirmado;
22/06/2020;paicandu;manuella inacio silva;5;F;SIM/CONFIRMADO;NAO;17/06/2020;confirmado;
19/05/2020;paicandu;marcia pereira;39;F;SIM;NAO;25/05/2020;confirmado;
18/06/2020;paicandu;maria aparecida barbosa shimaide;50;F;NAO;NAO;22/06/2020;confirmado;
14/06/2020;paicandu;maria das dores de oliveira;69;F;NAO;NAO;15/06/2020;confirmado;
17/06/2020;paicandu;maria de lourdes ribeiro;62;F;NAO;NAO;17/06/2020;confirmado;
10/06/2020;paicandu;maria jose goncalves;69;F;NAO;NAO;11/06/2020;confirmado;
19/06/2020;paicandu;marta de melo;45;F;SIM/CONFIRMADO;NAO;18/06/2020;confirmado;
12/06/2020;paicandu;maycon feranando rangel;29;M;NAO;NAO;12/06/2020;confirmado;
24/04/2020;paicandu;michelle cristina ferreira;28;F;NAO;NAO;20/04/2020;confirmado;
08/06/2020;paicandu;monica ax gabriel;44;F;SIM;NAO;10/06/2020;confirmado;
15/06/2020;paicandu;monike de souza oliveira;33;F;NAO;NAO;14/06/2020;confirmado;
17/06/2020;paicandu;natan gonã‡alves teixeira;26;M;SIM;NAO;17/06/2020;reagente;
12/06/2020;paicandu;nicole de andrade tomiazzi;28;F;NAO;NAO;12/06/2020;confirmado;
10/06/2020;paicandu;nilson sergio da silva;45;M;NAO;NAO;10/06/2020;confirmado;
09/06/2020;paicandu;patricia michele zanchetta;29;F;NAO;NAO;10/06/2020;confirmado;
16/06/2020;paicandu;pedro braz;65;M;NAO;NAO;16/06/2020;confirmado;
22/06/2020;paicandu;robson nilson silva;44;M;NAO;NAO;19/06/2020;reagente;
13/06/2020;paicandu;rosi mari sabaine;57;F;SIM;NAO;10/06/2020;confirmado;
19/06/2020;paicandu;rosimeire silva de souza;37;F;SIM/CONFIRMADO;NAO;18/06/2020;confirmado;
15/06/2020;paicandu;samuel gabriel;47;M;SIM;NAO;15/06/2020;confirmado;
18/05/2020;paicandu;sthefani teotonio cunha;21;F;SIM;NAO;18/05/2020;confirmado;
18/05/2020;paicandu;suzana rita da silva;35;F;SIM;NAO;18/05/2020;confirmado;
21/06/2020;paicandu;terezinha alves dos santos;84;F;NAO;NAO;21/06/2020;confirmado;
09/06/2020;paicandu;thaise lima fidalgo;26;F;SIM/TRABALHO;NAO;09/06/2020;confirmado;
30/05/2020;paicandu;valdecir aparecido soares;55;M;NAO;NAO;31/05/2020;confirmado;
26/05/2020;paicandu;valmir de godoi costa;35;M;NAO;NAO;25/05/2020;confirmado;
30/05/2020;paicandu;vanderlei rodrigues silva;44;M;NAO;NAO;02/06/2020;confirmado;
13/06/2020;paicandu;vanserson candido de oliveira;47;M;NAO;NAO;26/05/2020;reagente;
16/06/2020;paicandu;vitoria inacio da silva;8;F;SIM/CONFIRMADO;NAO;17/06/2020;confirmado;
22/06/2020;paicandu;vladimir de franca junior;36;M;SIM/CONFIRMADO;NAO;15/06/2020;confirmado;
09/06/2020;paicandu;zilma maria dos santos candido;56;F;SIM;NAO;10/06/2020;confirmado;
13/04/2020;paranacity;andreia cristina de lucena;42;F;NAO;NAO;13/04/2020;NA;
12/04/2020;paranacity;eliana da silva;43;FEM;GTFFODS;NAO;16/04/2020;confirmado;
03/06/2020;paranacity;jeferson aparecido souza;27;M;NAO;NAO;02/06/2020;reagente;
16/04/2020;paranacity;kleberson frank dos santos;40;MASC;SIM;NAO;17/04/2020;confirmado;
10/04/2020;paranacity;marilza augusto;57;FEM;GTFFODS;NAO;16/04/2020;confirmado;
11/04/2020;paranacity;viviane martins brascica;26;F;SIM;NAO;16/04/2020;coronavi­rus (sars-cov2);
13/04/2020;paranacity;zelia rodrigues de oliveira;45;FEM;GTFFODS;NAO;16/04/2020;confirmado;
01/06/2020;presidentecastelobranco;cristiano barbosa;33;MASCULINO;SIM;NAO;22/05/2020;confirmado;
16/06/2020;presidentecastelobranco;daniela samara soares;22;FEMININO;CONTATO;NAO;20/06/2020;confirmado;
16/06/2020;presidentecastelobranco;domingas  francisco sales cunha;60;FEMININO;SIM;NAO;17/06/2020;confirmado;
17/08/2020;presidentecastelobranco;renato rei de andrade;34;MASCULINO;SIM;NAO;15/06/2020;confirmado;
06/04/2020;santafe;alcir fracassi lopes;54;MASC;16/03 RETORNO: 19/03/2020 - SANTA CATARINA- CAMBURIU;NAO;06/04/2020;confirmado;
12/04/2020;santafe;antonio de carvalho;81;MASC;SINTOMATICO;NAO;12/04/2020;confirmado;
29/04/2020;santafe;juarez daniel delmundes;50;MASC;SINTOMATICO/ PROFISSIONAL DE VIGILANCIA;NAO;29/04/2020;confirmado;
05/04/2020;santafe;ligia maria de palmi;41;FEM;TEC ENFERMAGEM - NAO VIAJOU;NAO;07/04/2020;confirmado;
07/04/2020;santafe;luciana pilegi;49;FEM;SINTOMATICO / NAO VIAJOU;NAO;07/04/2020;confirmado;
06/04/2020;santafe;marcia pereira arruda;45;FEM;CONTATO MARIA APAREDIDA CRESS FALECIDA POR COVID 05/04/2020;NAO;07/04/2020;confirmado;
25/04/2020;santafe;marcos henrique dos santos;37;MASC;SINTOMATICO/NAO VIAJOU;NAO;22/04/2020;confirmado;
02/04/2020;santafe;maria aparecida cress;80;FEM;16/03 RETORNO: 19/03/2020 - SANTA CATARINA- CAMBURIU;SIM  ;02/04/2020;confirmado;
04/04/2020;santafe;maria jose da cruz;70;FEM;16/03 RETORNO: 19/03/2020 - SANTA CATARINA- CAMBURIU;NAO;04/04/2020;confirmado;
23/04/2020;santafe;pedro artero dias;71;MASC;16/03 RETORNO: 19/03/2020 - SANTA CATARINA- CAMBURIU;NAO;23/04/2020;confirmado;
09/04/2020;santafe;valeria tereza cres;45;FEM;SINTOMATICA;NAO;09/04/2020;confirmado;
16/06/2020;santaines;adrian vieira siqueira;13;MASCULINO;SIM;NAO;16/06/2020;confirmado;
09/06/2020;santaines;bruno francisco garcia;28;MASCULINO;NAO;NAO;09/06/2020;confirmado;
15/06/2020;santaines;denilson de souza siqueira;54;MASCULINO;NAO;NAO;15/06/2020;confirmado;
09/06/2020;santaines;escarnacao santiago serafim;72;FEMININO;NAO;NAO;09/06/2020;confirmado;
29/05/2020;santaines;jose nilson dos santos;46;MASCULINO;NAO;NAO;29/05/2020;confirmado;
09/06/2020;santaines;laura lima de medeiros;5;FEMININO;NAO;NAO;09/06/2020;confirmado;
09/06/2020;santaines;rafaela damiana dos santos galindo;30;FEMININO;NAO;NAO;09/06/2020;confirmado;
09/06/2020;santaines;rosimeire serafim santiago;42;FEMININO;NAO;NAO;09/06/2020;confirmado;
09/06/2020;santaines;sandro souza de araujo;33;MASCULINO;NAO;NAO;09/06/2020;confirmado;
08/06/2020;santaines;silvana ferreira lima;47;F;NAO;NAO;09/06/2020;coronavi­rus (sars-cov2);
08/06/2020;santaines;sintia dos santos pereira marin;26;FEMININO;NAO;NAO;15/06/2020;confirmado;
09/06/2020;santaines;taina fernanda santiago da silva;24;FEMININO;SIM;NAO;06/06/2020;confirmado;
06/10/2020;santoinacio;edite ferreira dos santos;54;F;CONTATO;NAO;10/06/2020;confirmado;
06/09/2020;santoinacio;elaine cristina santiago serafim;37;F;CONTATO;NAO;09/06/2020;confirmado;
06/11/2020;santoinacio;eliel edson dos santos;40;M;NAO;NAO;15/06/2020;confirmado;
06/05/2020;santoinacio;felipe batista de oliveira;2;M;SIM;NAO;06/05/2020;confirmado;
17/06/2020;santoinacio;fernando rogerio matos;41;M;SIM;NAO;16/06/2020;confirmado;
06/10/2020;santoinacio;hugo luis de jesus;34;M;CONTATO;NAO;09/06/2020;confirmado;
06/09/2020;santoinacio;jefferson purificação nascimento;25;M;NAO;NAO;16/06/2020;confirmado;
06/05/2020;santoinacio;joão espiridião dos santos;54;M;SIM;NAO;07/06/2020;confirmado;
28/05/2020;santoinacio;josé aparecido de jesus;62;M;SIM;NAO;29/05/2020;confirmado;
28/04/2020;santoinacio;josiane batista de oliveira;26;F;SIM;NAO;30/04/2020;confirmado;
19/05/2020;santoinacio;marcelo donizete venturini;44;M;NAO;NAO;08/05/2020;coronavi­rus (sars-cov2);
06/05/2020;santoinacio;paulo de oliveira;43;M;SIM;NAO;06/05/2020;confirmado;
15/06/2020;santoinacio;sidnei de oliveira alves;29;M;NAO;NAO;15/06/2020;confirmado;
15/06/2020;santoinacio;wilson alves de alcantara;71;M;NAO;NAO;15/06/2020;confirmado;
12/06/2020;saojorgedoivai;adriano poã‡as biondo;43;M;SIM;NAO;12/06/2020;coronavi­rus (sars-cov2);
16/06/2020;saojorgedoivai;amaury gabriel filho;49;M;SIM;NAO;16/06/2020;confirmado;
20/05/2020;saojorgedoivai;beatriz rafaela miranda pedro;23;F;SIM;NAO;22/05/2020;confirmado;
06/05/2020;saojorgedoivai;lucas puertas fernandes;21;M;SIM;NAO;06/04/2020;confirmado;
22/06/2020;saojorgedoivai;marli rezende;49;F;NAO;NAO;22/06/2020;reagente;
04/06/2020;sarandi;adão rodrigues dos santos;47;M;CONTATO POSITIVO;NAO;03/06/2020;confirmado;
05/06/2020;sarandi;adriana araujo da silva rodrigues dos santos;41;F;CONTATO POSITIVO;NAO;05/06/2020;confirmado;
15/06/2020;sarandi;afonso vinicius gomes;24;M;NAO;NAO;12/06/2020;reagente;
28/05/2020;sarandi;aguinaldo aparecido moloni;46;M;CONTATO POSITIVO;NAO;28/05/2020;confirmado;
02/06/2020;sarandi;alexandre rodrigo de souza;30;M;CONTATO POSITIVO;NAO;02/06/2020;confirmado;
05/06/2020;sarandi;aline de freitas alves;39;F;CONTATO POSITIVO;NAO;09/06/2020;confirmado;
29/04/2020;sarandi;aline de souza bezerra disidero;36;F;NAO;NAO;29/04/2020;confirmado;
14/05/2020;sarandi;ana carolina mortean zanchim;36;F;NAO;NAO;15/05/2020;confirmado;
17/06/2020;sarandi;ana da cruz alves;67;F;NAO;NAO;16/06/2020;reagente;
19/05/2020;sarandi;anderson tonini ramalho;33;M;VIAGEM RJ;NAO;19/05/2020;confirmado;
14/06/2020;sarandi;antonio divanzir de lara;55;M;CONTATO POSITIVO;NAO;14/06/2020;confirmado;
18/05/2020;sarandi;arley costa da silva;41;M;SIM VIAGEM;NAO;18/05/2020;confirmado;
04/06/2020;sarandi;augusto araujo rodrigues dos santos;18;M;CONTATO POSITIVO;NAO;04/06/2020;confirmado;
16/06/2020;sarandi;camila de souza soares;18;F;NAO;NAO;16/06/2020;confirmado;
17/05/2020;sarandi;carla fabiane da silva ferreira;35;F;CONTATO POSITIVO;NAO;17/05/2020;confirmado;
17/05/2020;sarandi;carolina siqueira guerra vespa;37;F;CONTATO POSITIVO;NAO;17/05/2020;confirmado;
09/06/2020;sarandi;caroline dias calixto lourenço;26;F;CONTATO POSITIVO;NAO;19/06/2020;confirmado;
15/06/2020;sarandi;clarice bernald;52;F;CONTATO SUSPEITO;NAO;15/06/2020;confirmado;
05/06/2020;sarandi;claudia cristina de souza salu;47;F;CONTATO POSITIVO;NAO;06/06/2020;confirmado;
10/06/2020;sarandi;claudia do carmo da silva;34;F;CONTATO POSITIVO;NAO;19/06/2020;confirmado;
09/06/2020;sarandi;claudinei da cruz;37;M;NAO;NAO;09/06/2020;confirmado;
15/05/2020;sarandi;claudinei pinheiro;47;M;VIAGEM PARA;SIM;09/05/2020;confirmado;
13/06/2020;sarandi;claudiomar da silva rodrigues;48;M;CONTATO POSITIVO;NAO;13/06/2020;confirmado;
27/05/2020;sarandi;cleberson milani cezario;37;M;NAO;NAO;27/05/2020;confirmado;
09/06/2020;sarandi;danieli dos santos guimo ferreira;33;F;NAO;NAO;09/06/2020;confirmado;
14/06/2020;sarandi;debora cristina cardoso dos santos;42;F;NAO;NAO;14/06/2020;confirmado;
03/06/2020;sarandi;delcidio pereira fonseca;45;M;CONTATO POSITIVO;NAO;04/06/2020;confirmado;
09/06/2020;sarandi;diogo fernando piler;32;M;CONTATO SUSPEITO;NAO;19/06/2020;confirmado;
15/06/2020;sarandi;diogo pereira da silva;23;M;NAO;NAO;15/06/2020;confirmado;
17/05/2020;sarandi;douglas sunelattis bezerra;34;M;CONTATO POSITIVO;NAO;17/05/2020;confirmado;
17/06/2020;sarandi;ederson monteiro colli;33;M;NAO;NAO;16/06/2020;coronavi­rus (sars-cov2);
13/06/2020;sarandi;edilaine soares;40;F;NAO;NAO;13/06/2020;confirmado;
17/06/2020;sarandi;edmar marcossi;35;M;CONTATO POSITIVO;NAO;15/06/2020;confirmado;
20/05/2020;sarandi;edna a rodrigues da silva;33;F;CONTATO POSITIVO;NAO;17/05/2020;confirmado;
18/05/2020;sarandi;eliana candido;34;F;CONTATO POSITIVO;NAO;18/05/2020;confirmado;
26/05/2020;sarandi;elisangela galvao dionizio;40;F;NAO;NAO;05/06/2020;confirmado;
30/05/2020;sarandi;elizabete cantarin;60;F;VIAGEM CURITIBA;NAO;30/05/2020;confirmado;
27/05/2020;sarandi;elizabeth de oliveira almeida;45;F;NAO;NAO;27/05/2020;confirmado;
30/03/2020;sarandi;eni dias de assis eduardo;52;F;SIM CONTATO;NAO;30/03/2020;confirmado;
13/06/2020;sarandi;euclides ferreira batista;54;M;NAO;NAO;13/06/2020;confirmado;
18/06/2020;sarandi;fernanda batista da silva;35;F;CONTATO POSITIVO;NAO;18/06/2020;confirmado;
14/06/2020;sarandi;fernanda lopes carini;34;F;CONTATO POSITIVO;NAO;10/06/2020;confirmado;
15/05/2020;sarandi;francieli aparecida de jesus santos;27;F;CONTATO POSITIVO;NAO;15/05/2020;confirmado;
10/05/2020;sarandi;francisco aparecida milani;64;M;NAO;NAO;10/05/2020;confirmado;
08/06/2020;sarandi;gabriela efigenia de calais;26;F;NAO;NAO;15/06/2020;confirmado;
25/05/2020;sarandi;gidazio dos santos lima;55;M;VIAGEM SP;NAO;25/05/2020;confirmado;
17/06/2020;sarandi;isabella bruns teixeira;19;F;NAO;NAO;15/06/2020;coronavi­rus (sars-cov2);
17/06/2020;sarandi;izabel cristina de lima;57;F;NAO;NAO;15/06/2020;coronavi­rus (sars-cov2);
17/06/2020;sarandi;jeferson mendes soares;23;M;NAO;NAO;15/06/2020;reagente;
16/06/2020;sarandi;jessica aparecida de lima miranda;23;F;NAO;NAO;16/06/2020;confirmado;
09/06/2020;sarandi;joão maria de proença;66;M;NAO;NAO;09/06/2020;confirmado;
30/04/2020;sarandi;jose ailton prudencio da silva;50;M;NAO;NAO;30/04/2020;confirmado;
17/06/2020;sarandi;jose antonio gonzaga;40;M;NAO;NAO;17/06/2020;reagente;
15/06/2020;sarandi;kaique da costa oliveira;26;M;NAO;NAO;10/06/2020;reagente;
02/06/2020;sarandi;karen thulyeny ferreira de sousa;9;F;CONTATO POSITIVO;NAO;01/06/2020;confirmado;
10/06/2020;sarandi;karolyne ramos de carvalho;22;F;NAO;NAO;10/06/2020;confirmado;
15/06/2020;sarandi;kesia ferreira da rosa;19;F;NAO;NAO;16/06/2020;confirmado;
13/06/2020;sarandi;kyviane de moraes jeronimo;19;F;CONTATO SUSPEITO;NAO;13/06/2020;confirmado;
27/05/2020;sarandi;larissa maria ferreira de souza;23;F;NAO;NAO;27/05/2020;confirmado;
05/06/2020;sarandi;larissa rodrigues de aguiar;17;F;NAO;NAO;05/06/2020;reagente;
05/06/2020;sarandi;leandro carini;35;M;NAO;NAO;09/06/2020;confirmado;
03/06/2020;sarandi;leandro de oliveira lima dos santos;39;M;CONTATO POSITIVO;NAO;03/06/2020;confirmado;
05/06/2020;sarandi;leonardo alves ferreira;23;M;NAO;NAO;04/06/2020;coronavi­rus (sars-cov2);
17/05/2020;sarandi;leonice viana azarias do prado;48;F;CONTATO POSITIVO;NAO;17/05/2020;confirmado;
06/06/2020;sarandi;leonora vicentin;72;F;NAO;NAO;10/06/2020;confirmado;
02/06/2020;sarandi;lucas felipe martins;24;M;CONTATO POSITIVO;NAO;02/06/2020;confirmado;
18/06/2020;sarandi;luciana rodrigues da silva;36;F;NAO;NAO;17/06/2020;reagente;
14/06/2020;sarandi;luciene riato;28;F;NAO;NAO;14/06/2020;confirmado;
12/06/2020;sarandi;luis henrique machado;23;M;NAO;NAO;16/06/2020;coronavi­rus (sars-cov2);
16/06/2020;sarandi;luiz silvano de oliveira;48;M;NAO;NAO;16/06/2020;confirmado;
14/06/2020;sarandi;marcos aparecido bodnarivc;34;M;NAO;NAO;14/06/2020;confirmado;
12/06/2020;sarandi;maria elena rocanlhio dos santos;37;F;NAO;NAO;11/06/2020;coronavi­rus (sars-cov2);
27/05/2020;sarandi;marinalva santos barros;30;F;NAO;NAO;27/05/2020;confirmado;
25/05/2020;sarandi;matheus  johnson claudiano da silva;21;M;NAO;NAO;25/05/2020;reagente;
17/06/2020;sarandi;matheus rogal neumann;2;M;NAO;NAO;16/06/2020;coronavi­rus (sars-cov2);
25/05/2020;sarandi;mizael lavorente da fonseca;31;M;CONTATO POSITIVO;NAO;25/05/2020;confirmado;
04/06/2020;sarandi;nildo vieira lima;45;M;NAO;NAO;10/06/2020;confirmado;
27/05/2020;sarandi;noely do couto lima;49;F;CONTATO CONFIRMADO;NAO;27/05/2020;confirmado;
10/05/2020;sarandi;oleones donato dos santos;51;M;NAO;NAO;10/05/2020;confirmado;
25/05/2020;sarandi;osmar correia;51;M;NAO;NAO;25/05/2020;confirmado;
16/06/2020;sarandi;osmar da silva qyueiroz;51;M;NAO;NAO;16/06/2020;confirmado;
03/06/2020;sarandi;patricia fernanda barsan;23;F;CONTATO POSITIVO;NAO;04/06/2020;confirmado;
02/06/2020;sarandi;relriston wendro de lima de almeida;19;M;CONTATO POSITIVO;NAO;02/06/2020;confirmado;
14/06/2020;sarandi;rodrigo da cruz alves;37;M;NAO;NAO;13/06/2020;coronavi­rus (sars-cov2);
12/06/2020;sarandi;rogerio diniz de carvalho;47;M;NAO;NAO;12/06/2020;confirmado;
13/06/2020;sarandi;ronaldo de assis dos santos;40;M;SIM MATO GROSSO;NAO;14/06/2020;confirmado;
15/06/2020;sarandi;rosangela da silva;35;F;NAO INFORMADO;NAO;12/06/2020;confirmado;
12/06/2020;sarandi;steffany de freitas caspani;21;F;CONTATO POSITIVO;NAO;12/06/2020;confirmado;
26/03/2020;sarandi;tatiane cristina  pereira;27;F;NAO;NAO;26/03/2020;coronavi­rus (sars-cov2);
01/06/2020;sarandi;thaisse ferreira lourusso donato;31;F;NAO;NAO;01/06/2020;confirmado;
12/06/2020;sarandi;vanessa raquel carletto dos santos;33;F;CONTATO SUSPEITO;NAO;12/06/2020;confirmado;
